Хөтөлбөрийн_дугаар,Хөтөлбөрийн_индекс,Хөтөлбөрийн_монгол_нэр,Хөтөлбөрийн_англи_нэр,Академик_түвшин,Суралцах_хэлбэр,Харьяалах_нэгжийн_дугаар,Харьяалах_нэгжийн_нэр,Батлагдсан_он
9f3e55c06ada4440d1220149c4a61313,"-         ",Бизнесийн сургуулийн ерөнхий суурь хөтөлбөр,Business Administration,Бакалавр,Өдрийн сургалт,bc5834e5243bdfef3aad970ee1bdbf5b,Бизнесийн сургууль,2014
a6cf49b1de9c41f7107d79f2afc15e45,F 04130101,Бизнесийн удирдлага,"Business administration ",Доктор,Өдрийн сургалт,bc5834e5243bdfef3aad970ee1bdbf5b,Бизнесийн сургууль,2014
f01740b632e0ab2cfb46b4dcdbd41a9c,"ED123     ",Бизнесийн удирдлага,"Master degree, pre-master",Магистр,Бэлтгэл,bc5834e5243bdfef3aad970ee1bdbf5b,Бизнесийн сургууль,2015
5e245f40c44f58f8913a7c082f7858d0,E 04160102,"Гадаад худалдаа, гаалийн удирдлага",Foreign Trade and Customs Management,Магистр,Өдрийн сургалт,4697803616488f659934284de8707375,Маркетинг худалдааны тэнхим,2016
cab40b3518c30392be6f45a473170dad,E 04160102,"Гадаад худалдаа, гаалийн удирдлага",Foreign Trade and Customs Management,Магистр,Өдрийн сургалт,4697803616488f659934284de8707375,Маркетинг худалдааны тэнхим,2016
a02b0cee98b118d3f5b5533401ca2f04,D 041401,Маркетинг,Marketing,Бакалавр,Өдрийн сургалт,4697803616488f659934284de8707375,Маркетинг худалдааны тэнхим,2014
5f8f8f75ec02ea15d7dbcd964d25b13c,"D 041401  ",Маркетинг,Marketing,Бакалавр,Оройгоор,4697803616488f659934284de8707375,Маркетинг худалдааны тэнхим,2014
7a60d37d076ccc3259afab02926100bb,E 04140101,Маркетинг,Marketing,Магистр,Өдрийн сургалт,4697803616488f659934284de8707375,Маркетинг худалдааны тэнхим,2014
a2b9cb21bc31f005c2ff7a545a1f96ce,E 04140101,Маркетинг,Marketing,Магистр,Өдрийн сургалт,4697803616488f659934284de8707375,Маркетинг худалдааны тэнхим,2015
efb827b524ab9f25d3185560cdb91af1,"D 041601  ",Худалдаа,Commerce,Бакалавр,Өдрийн сургалт,4697803616488f659934284de8707375,Маркетинг худалдааны тэнхим,2014
3eb07eef705a793ff6f56a283835fcc8,"D 041601  ",Худалдаа,"           ",Бакалавр,Оройгоор,4697803616488f659934284de8707375,Маркетинг худалдааны тэнхим,2014
12bca7837762600001dc38675832e517,"D 041601  ",Худалдаа,Commerce,Бакалавр,Эчнээ,4697803616488f659934284de8707375,Маркетинг худалдааны тэнхим,2014
0bea3d76dc8ca08fc2b5a9b5da7acbef,E 04160101,Худалдаа,Commerce,Магистр,Өдрийн сургалт,4697803616488f659934284de8707375,Маркетинг худалдааны тэнхим,2015
525aa044fda34aa7ab2e3ecd47ddb87e,E 04160101,Худалдаа,Commerce,Магистр,Өдрийн сургалт,4697803616488f659934284de8707375,Маркетинг худалдааны тэнхим,2014
630ef14c978d9473b29b5fb69c89fedd,"D 041304  ",Аялал жуулчлалын менежмент,"Tourism management              ",Бакалавр,Өдрийн сургалт,d24cfc0c4e133f07ad83ada5273545d5,Менежментийн тэнхим,2014
cc939f3dc04ab79fcdf3b649f92baec5,E 04130401,Аялал жуулчлалын менежмент,Tourism management,Магистр,Өдрийн сургалт,d24cfc0c4e133f07ad83ada5273545d5,Менежментийн тэнхим,2014
3c4a9990adfb009b86445a1b9b3b81fd,E 04130401,Аялал жуулчлалын менежмент,-,Магистр,Өдрийн сургалт,d24cfc0c4e133f07ad83ada5273545d5,Менежментийн тэнхим,2015
8717dfcfa472f27e46b3bca5aa0e6166,E 04130201,Бизнесийн менежмент,Business management,Магистр,Өдрийн сургалт,d24cfc0c4e133f07ad83ada5273545d5,Менежментийн тэнхим,2017
6f019fa6add6a809cd546f1052360ac6,E 04130201,Бизнесийн менежмент,Business management,Магистр,Өдрийн сургалт,d24cfc0c4e133f07ad83ada5273545d5,Менежментийн тэнхим,2017
e63ccdbd4d8c1f2b272dd4ab4c2abb9e,D 041301,Бизнесийн удирдлага /NCC/.Сургалтын төлбөр 3300 ам.доллар. IELTS-ын 4.5-5.5 оноо авсан байна.,"              ",Бакалавр,Өдрийн сургалт,d24cfc0c4e133f07ad83ada5273545d5,Менежментийн тэнхим,2014
ad8c8fd82b5c39a331e9fab35e07ca1e,"D 101301  ",Зочлох үйлчилгээ,Hospitality,Бакалавр,Өдрийн сургалт,d24cfc0c4e133f07ad83ada5273545d5,Менежментийн тэнхим,2014
91d5b097be29c7214edeb8defe93b9c3,E 10130101,Зочлох үйлчилгээ,Hospitality,Магистр,Өдрийн сургалт,d24cfc0c4e133f07ad83ada5273545d5,Менежментийн тэнхим,2014
0b2849227e7de2f633977a7fc83f4950,E 10130101,Зочлох үйлчилгээ /,-,Магистр,Өдрийн сургалт,d24cfc0c4e133f07ad83ada5273545d5,Менежментийн тэнхим,2015
23e8b413e0c1f907347124cbee8dbc1c,"D 041302  ",Менежмент,Management,Бакалавр,Өдрийн сургалт,d24cfc0c4e133f07ad83ada5273545d5,Менежментийн тэнхим,2014
7ce43c26c04341a20fbce6d436d660da,E 04130202,Хүний нөөцийн менежмент,Human,Магистр,Өдрийн сургалт,d24cfc0c4e133f07ad83ada5273545d5,Менежментийн тэнхим,2018
582c9526b4ba261341a599d529401e48,"D 041101  ",Нягтлан бодох бүртгэл,Accounting,Бакалавр,Өдрийн сургалт,a1a930c2eafb0161875b9e2f6085258e,Нягтлан бодох бүртгэлийн тэнхим,2014
ded56faf5666abdaaa06dc383a5c8dd8,"D 041101  ",Нягтлан бодох бүртгэл,Accounting,Бакалавр,Оройгоор,a1a930c2eafb0161875b9e2f6085258e,Нягтлан бодох бүртгэлийн тэнхим,2014
0ddc12950c1ded9efee8e08ec50d176e,"D 041101  ",Нягтлан бодох бүртгэл,Accounting,Бакалавр,Эчнээ,a1a930c2eafb0161875b9e2f6085258e,Нягтлан бодох бүртгэлийн тэнхим,2014
9bdd10cd5aeb5c830221483a7a0db494,E 04110101,Нягтлан бодох бүртгэл,Accounting,Магистр,Өдрийн сургалт,a1a930c2eafb0161875b9e2f6085258e,Нягтлан бодох бүртгэлийн тэнхим,2015
1558a2a10c03e6a78dcac0b2dd76dac6,E 04110101,Нягтлан бодох бүртгэл,Accounting,Магистр,Өдрийн сургалт,a1a930c2eafb0161875b9e2f6085258e,Нягтлан бодох бүртгэлийн тэнхим,2014
051be4f205fcf7461ecb22e2ae636305,E 04160103,Үл хөдлөх хөрөнгийн үнэлгээ,"Real estate valuation ",Магистр,Өдрийн сургалт,a1a930c2eafb0161875b9e2f6085258e,Нягтлан бодох бүртгэлийн тэнхим,2017
8143f880d3f63dae773bba72caf67233,E 04160103,Үл хөдлөх хөрөнгийн үнэлгээ,Real estate valuation,Магистр,Өдрийн сургалт,a1a930c2eafb0161875b9e2f6085258e,Нягтлан бодох бүртгэлийн тэнхим,2017
a4fe004a3a0bad5652f080838d7fc0e5,D 041203,Банк,Banking,Бакалавр,Өдрийн сургалт,536140d151337e50be195ef92303cd3b,Санхүүгийн тэнхим,2018
7aa3353772d23afeeca1c7fec457ab46,"D 041202  ",Даатгал,Insurance,Бакалавр,Өдрийн сургалт,536140d151337e50be195ef92303cd3b,Санхүүгийн тэнхим,2014
c2f712f087c7d28e042e341eec9fc3f3,D 041201,Санхүү,Finance,Бакалавр,Өдрийн сургалт,536140d151337e50be195ef92303cd3b,Санхүүгийн тэнхим,2014
c9c307c93a2ee7d6935a656a3b250ecb,D 041201,Санхүү,"Finance ",Бакалавр,Оройгоор,536140d151337e50be195ef92303cd3b,Санхүүгийн тэнхим,2018
a0ff1b67622fdb1fb40e40c5cebc83dc,E 04120101,Санхүү,Finance,Магистр,Өдрийн сургалт,536140d151337e50be195ef92303cd3b,Санхүүгийн тэнхим,2017
9d84a76dd03d38696b6ecf44c2f60464,E 04120101,Санхүү,Finance,Магистр,Өдрийн сургалт,536140d151337e50be195ef92303cd3b,Санхүүгийн тэнхим,2017
73a2b4f1244d02c066d013b9b2bc8e95,"          ",Ерөнхий суурь хөтөлбөр,123,Бакалавр,Өдрийн сургалт,75c49ef71e2bcac0b7db73bef7ab816b,Ерөнхий эрдмийн тэнхим,2014
ac700d34d81b2cf206ec3216edeebab9,"-         ",ЗС-ийн иргэнд зориулсан сургалт,,Бакалавр,Өдрийн сургалт,75c49ef71e2bcac0b7db73bef7ab816b,Ерөнхий эрдмийн тэнхим,2019
5bce90ec81458b9b518358ba3bb4aa04,"D 031202  ","Төрийн удирдлага /Завхан сургууль болон ОУХНУС-ийн ""2+2"" жилийн хамтарсан хөтөлбөр/",International relations,Бакалавр,Өдрийн сургалт,75c49ef71e2bcac0b7db73bef7ab816b,Ерөнхий эрдмийн тэнхим,2018
6761cb57f8ea4114d815450a3affd49e,"D 071401  ",Электроник,Electronic,Бакалавр,Өдрийн сургалт,75c49ef71e2bcac0b7db73bef7ab816b,Ерөнхий эрдмийн тэнхим,2015
702272ca56ccb7e39ebd891ee5b808f7,"D 041401  ",Маркетинг,Marketing,Бакалавр,Өдрийн сургалт,5b4840b08afb1eb1214c9face003af6b,Нягтлан бодох бүртгэлийн тэнхим,2015
2c0d16950481c1022d7894d43f7dedb4,"          ",Маркетинг,Marketing,Магистр,Бэлтгэл,5b4840b08afb1eb1214c9face003af6b,Нягтлан бодох бүртгэлийн тэнхим,2015
b9e4ffeec17e9ddac692f67fb048bdc6,E 04140101,Маркетинг,Marketing,Магистр,Өдрийн сургалт,5b4840b08afb1eb1214c9face003af6b,Нягтлан бодох бүртгэлийн тэнхим,2015
67ebb5979d048e668a24e0b685c0cd68,E 04140101,Маркетинг,Marketing,Магистр,Өдрийн сургалт,5b4840b08afb1eb1214c9face003af6b,Нягтлан бодох бүртгэлийн тэнхим,2015
ae095fdd0355cf6bc2f2dd4f38886752,D 041302,Менежмент,Management,Бакалавр,Өдрийн сургалт,5b4840b08afb1eb1214c9face003af6b,Нягтлан бодох бүртгэлийн тэнхим,2015
bacc748d87243cd255415460d040eb18,E 04130201,Менежмент,Management,Магистр,Өдрийн сургалт,5b4840b08afb1eb1214c9face003af6b,Нягтлан бодох бүртгэлийн тэнхим,2015
c7c5f3d1cc2a8f91c5968bce607e320f,D 041101,Нягтлан бодох бүртгэл,Accounting,Бакалавр,Өдрийн сургалт,5b4840b08afb1eb1214c9face003af6b,Нягтлан бодох бүртгэлийн тэнхим,2014
87ed156355c849bfd28562bf4824033f,D 041101,Нягтлан бодох бүртгэл,Accounting,Бакалавр,Эчнээ,5b4840b08afb1eb1214c9face003af6b,Нягтлан бодох бүртгэлийн тэнхим,2015
79482d0eac3cd48eb70a56dfc2202bfc,"          ",Нягтлан бодох бүртгэл,Accounting,Магистр,Бэлтгэл,5b4840b08afb1eb1214c9face003af6b,Нягтлан бодох бүртгэлийн тэнхим,2015
75e2a5e667b4ca1ef02bf8d7025ea4dc,E 04110101,Нягтлан бодох бүртгэл,Accounting,Магистр,Өдрийн сургалт,5b4840b08afb1eb1214c9face003af6b,Нягтлан бодох бүртгэлийн тэнхим,2015
a963f805cb4bb27a7a20546ff15405dc,E 04110101,Нягтлан бодох бүртгэл,Accounting,Магистр,Өдрийн сургалт,5b4840b08afb1eb1214c9face003af6b,Нягтлан бодох бүртгэлийн тэнхим,2014
7e8f0ddd5caa1ed579be9a0418493c91,"D 041601  ",Худалдаа,Commerce,Бакалавр,Өдрийн сургалт,5b4840b08afb1eb1214c9face003af6b,Нягтлан бодох бүртгэлийн тэнхим,2015
bcbba054ee01b04ddf3d49172aff9b13,E 04160101,Худалдаа,Commerce,Магистр,Өдрийн сургалт,5b4840b08afb1eb1214c9face003af6b,Нягтлан бодох бүртгэлийн тэнхим,2015
de5b0958f9755507a73c2211005b72d8,D 041203,Банк,Banking,Бакалавр,Өдрийн сургалт,d58d454193e488ee855daf5c87214775,"Санхүү, эдийн засгийн тэнхим",2017
f379b409e38eab7ef451fd013a2873d2,D 041201,Санхүү,Finance,Бакалавр,Өдрийн сургалт,d58d454193e488ee855daf5c87214775,"Санхүү, эдийн засгийн тэнхим",2017
e1971bf35462328ce8b71c958964d5a2,"D 041201  ",Санхүү,Finance,Бакалавр,Эчнээ,d58d454193e488ee855daf5c87214775,"Санхүү, эдийн засгийн тэнхим",2017
535f3f4e75c850cc713df1578bd823fc,"E04120101 ",Санхүү,"Finance ",Магистр,Бэлтгэл,d58d454193e488ee855daf5c87214775,"Санхүү, эдийн засгийн тэнхим",2017
133e6ec0bf6918a0d84ad993fd7afd3f,"E04130201 ",Санхүү,Finance,Магистр,Өдрийн сургалт,d58d454193e488ee855daf5c87214775,"Санхүү, эдийн засгийн тэнхим",2017
76896067f7cf1413485572ddc069c667,E 02220402,Бүс нутаг судлал,"    ",Магистр,Бэлтгэл,b67e939b8ef336073df3428c38374abc,Нийтийн удирдлагын тэнхим,2017
63385b60cfc7bdafb984e5dba363e780,"D 041303  ",Төрийн удирдлага,Public administration,Бакалавр,Өдрийн сургалт,b67e939b8ef336073df3428c38374abc,Нийтийн удирдлагын тэнхим,2017
4b27fcd59f2479fa60a23dc65a8d1632,F 04130301,Төрийн удирдлага,Public administration,Доктор,Өдрийн сургалт,b67e939b8ef336073df3428c38374abc,Нийтийн удирдлагын тэнхим,2017
5978d528e8133229c0f1db0708c596ca,E 04130301,Төрийн удирдлага,Public administration,Магистр,Бэлтгэл,b67e939b8ef336073df3428c38374abc,Нийтийн удирдлагын тэнхим,2017
f033313525fdd03856c105e45fc071f3,E 04130301,Төрийн удирдлага,Public administration,Магистр,Өдрийн сургалт,b67e939b8ef336073df3428c38374abc,Нийтийн удирдлагын тэнхим,2017
4a561c83fe3fa455732e2855d40dac65,E 04130301,Төрийн удирдлага,Public administration,Магистр,Өдрийн сургалт,b67e939b8ef336073df3428c38374abc,Нийтийн удирдлагын тэнхим,2017
db8929eda64b8047751135c23557ab9a,"D 031202  ","Төрийн удирдлага /ОУХНУС болон Завхан сургуулийн ""2+2"" жилийн хамтарсан хөтөлбөр/",International relations,Бакалавр,Өдрийн сургалт,b67e939b8ef336073df3428c38374abc,Нийтийн удирдлагын тэнхим,2018
c9e08a6d6b6eba52a2f2450d76a2771d,"          ",ОУХНУС-ийн ерөнхий суурь хөтөлбөр,General education course,Бакалавр,Өдрийн сургалт,9aa99fb82d22c477bd36c50f3731d196,"Олон улсын харилцаа, нийтийн удирдлагын сургууль",2014
86f54e352c8ded3877d952a4e5fd9b31,E 02220402,Бүс нутаг судлал,"Regional studies ",Магистр,Өдрийн сургалт,c5c2bc2b5edd6823df71d38f9a85b229,Олон улсын харилцааны тэнхим,2015
b7ba4da8bc9305ad3c7855e574b2ba38,E 02220402,Бүс нутаг судлал,"Regional studies ",Магистр,Өдрийн сургалт,c5c2bc2b5edd6823df71d38f9a85b229,Олон улсын харилцааны тэнхим,2015
6b8ff6061bff9f7f77c55047f1abd09d,"D 031202  ",Олон улсын харилцаа,International Relations,Бакалавр,Өдрийн сургалт,c5c2bc2b5edd6823df71d38f9a85b229,Олон улсын харилцааны тэнхим,2017
5dae10bc22ca8557afac1687db4eb4e3,F 02220401,Олон улсын харилцаа,"   ",Доктор,Бэлтгэл,c5c2bc2b5edd6823df71d38f9a85b229,Олон улсын харилцааны тэнхим,2017
d765487b4704c9372b5d045ed298acf2,F 02220401,Олон улсын харилцаа,International Relations,Доктор,Өдрийн сургалт,c5c2bc2b5edd6823df71d38f9a85b229,Олон улсын харилцааны тэнхим,2014
28850f60758ab53df769ac769c3c67e8,E 02220401,Олон улсын харилцаа,"International Relations ",Магистр,Бэлтгэл,c5c2bc2b5edd6823df71d38f9a85b229,Олон улсын харилцааны тэнхим,2015
3ecf92ce372df7400763ffe195903617,E 02220401,Олон улсын харилцаа,International relations,Магистр,Өдрийн сургалт,c5c2bc2b5edd6823df71d38f9a85b229,Олон улсын харилцааны тэнхим,2014
877e596cc4858bbdfb42050ce38c665c,E 02220401,Олон улсын харилцаа,International relations,Магистр,Өдрийн сургалт,c5c2bc2b5edd6823df71d38f9a85b229,Олон улсын харилцааны тэнхим,2014
63777b01b41007c53991891993694952,"D 031202  ","Олон улсын харилцаа /Эрдэнэт сургууль болон ОУХНУС-ийн ""2+2"" жилийн хамтарсан хөтөлбөр/",International relations,Бакалавр,Өдрийн сургалт,c5c2bc2b5edd6823df71d38f9a85b229,Олон улсын харилцааны тэнхим,2018
87b4b4451cc53336e158b092dc95acfb,"E02220401 ","Олон улсын харилцаа, Бизнесийн удирдлагын Тайваний Үндэсний Чи Нань Их сургуультай хамтарсан хос хөт",International relations and Bussiness administration,Магистр,Өдрийн сургалт,c5c2bc2b5edd6823df71d38f9a85b229,Олон улсын харилцааны тэнхим,2020
ce5d80ab2337b5e07fd997a78f8e7c2e,E 03110102,Олон улсын эдийн засгийн харилцаа,International Economic Relations,Магистр,Бэлтгэл,c5c2bc2b5edd6823df71d38f9a85b229,Олон улсын харилцааны тэнхим,2015
f2b82481f907deca0f23865c5b32940b,E 03110102,Олон улсын эдийн засгийн харилцаа,International Economic Relations,Магистр,Өдрийн сургалт,c5c2bc2b5edd6823df71d38f9a85b229,Олон улсын харилцааны тэнхим,2016
d589600663d2edf79a2e827137abb54e,"D 042101  ",Эрх зүй (Солонгосын эрх зүй),Law,Бакалавр,Өдрийн сургалт,018bcb1deb108c5f4520f193b1b34016,Солонгосын эрх зүйн боловсрол төв,2015
d7d434a6d6a7f9ee5ccd4445a8933a7e,E 04210102,Олон улсын эрх зүй,"International Law ",Магистр,Өдрийн сургалт,072da524a0d17f905e3c21cc7087dcad,Хувийн эрх зүйн тэнхим,2014
65073f4c7d56326da2c15ebaf08b54da,E 04210102,Олон улсын эрх зүй,International Law,Магистр,Өдрийн сургалт,072da524a0d17f905e3c21cc7087dcad,Хувийн эрх зүйн тэнхим,2014
a847018ac5296b3c12dedee98abb7068,D 042101,Хууль зүйн сургуулийн ерөнхий суурь хөтөлбөр,Law,Бакалавр,Өдрийн сургалт,4d68eea1853d24e744637f40555fe064,Хууль зүйн сургууль,2014
fe3df14ec5efeba6a5d2d8e81fd297be,D 042101,Эрх зүй,"Law ",Бакалавр,Өдрийн сургалт,4d68eea1853d24e744637f40555fe064,Хууль зүйн сургууль,2015
92b73e76238e0d7888d976240f2b4252,D 042101,Эрх зүй,Law,Бакалавр,Оройгоор,4d68eea1853d24e744637f40555fe064,Хууль зүйн сургууль,2015
8d0b2507378db23d4b7c133408b277f5,D 042101,Эрх зүй,Law,Бакалавр,Эчнээ,4d68eea1853d24e744637f40555fe064,Хууль зүйн сургууль,2015
b85e96d2326fc3c032767076a46105df,F 04210101,Эрх зүй,Law,Доктор,Өдрийн сургалт,4d68eea1853d24e744637f40555fe064,Хууль зүйн сургууль,2014
ec1d3d97c12f1f247775f4a62140f5b0,F 04210101,Эрх зүй,Law,Доктор,Эчнээ,4d68eea1853d24e744637f40555fe064,Хууль зүйн сургууль,2020
5d46ee5608d3086f638927f417ff342b,E 04210101,Эрх зүй,Law,Магистр,Өдрийн сургалт,4d68eea1853d24e744637f40555fe064,Хууль зүйн сургууль,2014
341b7297758ecfb67a8dfc3675508f4a,E 04210101,Эрх зүй,Law,Магистр,Өдрийн сургалт,4d68eea1853d24e744637f40555fe064,Хууль зүйн сургууль,2014
8e4d8c13ca00335c3e60b88bd5459e53,"D 042101  ",Эрх зүй (Олон улсын эрх зүй),Law,Бакалавр,Өдрийн сургалт,4d68eea1853d24e744637f40555fe064,Хууль зүйн сургууль,2015
f69da4ec4fe9ae84b1d7c887e88bc3c6,"D 042101  ",Эрх зүй ( Японы эрх зүй),Law,Бакалавр,Өдрийн сургалт,4c46ae940ff769dfb9b4c57d39b514cc,Японы эрх зүйн боловсролын төв,2015
38b542e1bc76aa0a75c454ab2a0c8c51,E 06180101,Биоинформатик,Bioinformatics,Магистр,Өдрийн сургалт,f94cd83084c9928804bc38cc3fc3940d,"Мэдээлэл, компьютерийн ухааны тэнхим",2015
e51e8abde01e96bb795411d8e1337169,E 06120102,"Өгөгдлийн сангийн загварчлал, удирдлага",xxx,Магистр,Бэлтгэл,f94cd83084c9928804bc38cc3fc3940d,"Мэдээлэл, компьютерийн ухааны тэнхим",2015
9f05ac1959dba5a6f6761a65ded06e5f,E 06120102,"Өгөгдлийн сангийн загварчлал, удирдлага",Database design and administration,Магистр,Өдрийн сургалт,f94cd83084c9928804bc38cc3fc3940d,"Мэдээлэл, компьютерийн ухааны тэнхим",2015
315aba2ef90e7b2b6c899b3f5cf232ef,"D 061301  ",Компьютерийн ухаан,Computer science,Бакалавр,Өдрийн сургалт,f94cd83084c9928804bc38cc3fc3940d,"Мэдээлэл, компьютерийн ухааны тэнхим",2015
e64b666867ac6c0426dc354f2c46b20f,F 06130101,Компьютерийн ухаан,Computer science,Доктор,Өдрийн сургалт,f94cd83084c9928804bc38cc3fc3940d,"Мэдээлэл, компьютерийн ухааны тэнхим",2015
de290468d95a27c29ad7fd3596d785de,E 06130101,Компьютерийн ухаан,Computer science,Магистр,Өдрийн сургалт,f94cd83084c9928804bc38cc3fc3940d,"Мэдээлэл, компьютерийн ухааны тэнхим",2016
be7cb4fb08403e42aedaaa536d987c13,E 06180102,Компьютер-хэл шинжлэл,Natural language processing,Магистр,Өдрийн сургалт,f94cd83084c9928804bc38cc3fc3940d,"Мэдээлэл, компьютерийн ухааны тэнхим",2015
56f83d1eb1c7a8a9bc9106e3b9cc57f6,"D 061303  ",Мэдээллийн систем,"Information systems ",Бакалавр,Өдрийн сургалт,f94cd83084c9928804bc38cc3fc3940d,"Мэдээлэл, компьютерийн ухааны тэнхим",2015
f7013168c626deddb05cc1e5c8db3fd4,E 06130301,Мэдээллийн систем,xxx,Магистр,Бэлтгэл,f94cd83084c9928804bc38cc3fc3940d,"Мэдээлэл, компьютерийн ухааны тэнхим",2015
8e01157e97b9a08daf1f89aed2c243de,E 06130301,Мэдээллийн систем,"Information systems ",Магистр,Өдрийн сургалт,f94cd83084c9928804bc38cc3fc3940d,"Мэдээлэл, компьютерийн ухааны тэнхим",2015
6b181d9a62d6fe3ed52f178cb65d1496,"D 061304  ",Мэдээллийн технологи,Information technology,Бакалавр,Өдрийн сургалт,f94cd83084c9928804bc38cc3fc3940d,"Мэдээлэл, компьютерийн ухааны тэнхим",2015
a1fa54152881c54c87b93cb1dd1cb8de,F 06130401,Мэдээллийн технологи,Information technology,Доктор,Өдрийн сургалт,f94cd83084c9928804bc38cc3fc3940d,"Мэдээлэл, компьютерийн ухааны тэнхим",2016
12d5cf08fd63dd0835bb04576860c732,E 06130401,Мэдээллийн технологи,ххх,Магистр,Бэлтгэл,f94cd83084c9928804bc38cc3fc3940d,"Мэдээлэл, компьютерийн ухааны тэнхим",2015
2c212d7473c4a1e05e0a8521c047d324,E 06130401,Мэдээллийн технологи,Information technology,Магистр,Өдрийн сургалт,f94cd83084c9928804bc38cc3fc3940d,"Мэдээлэл, компьютерийн ухааны тэнхим",2014
1aad8af096eb84535da3aadae35dc2ac,"D 061302  ",Програм хангамж,Software engineering,Бакалавр,Өдрийн сургалт,f94cd83084c9928804bc38cc3fc3940d,"Мэдээлэл, компьютерийн ухааны тэнхим",2015
670a34cf8991944c74fab762cd6d03d3,F 06130201,Програм хангамж,Software engineering,Доктор,Өдрийн сургалт,f94cd83084c9928804bc38cc3fc3940d,"Мэдээлэл, компьютерийн ухааны тэнхим",2015
c38c4133c278a6c10ad7ac72719f9e0a,E 06130201,Програм хангамж,Software Engineering,Магистр,Бэлтгэл,f94cd83084c9928804bc38cc3fc3940d,"Мэдээлэл, компьютерийн ухааны тэнхим",2015
a4d89426c2c971774835f69a99288942,E 06130201,Програм хангамж,Software engineering,Магистр,Өдрийн сургалт,f94cd83084c9928804bc38cc3fc3940d,"Мэдээлэл, компьютерийн ухааны тэнхим",2014
872e570353a8a22d18d23bd4c1add601,"E07880301 ",Биоинженерчлэл,"    ",Магистр,Бэлтгэл,4f4f2448f85dc544fb806c792e9b7adf,"Хими, биологийн инженерчлэлийн тэнхим",2018
610d7c4f3800e1adcc31626348dbd91b,"D 078803  ",Био-инженерчлэл,Bio-engineering,Бакалавр,Өдрийн сургалт,4f4f2448f85dc544fb806c792e9b7adf,"Хими, биологийн инженерчлэлийн тэнхим",2015
267d4a6685c11b9568b69714d2227f47,F 07880301,Био-инженерчлэл,Bio-engineering,Доктор,Өдрийн сургалт,4f4f2448f85dc544fb806c792e9b7adf,"Хими, биологийн инженерчлэлийн тэнхим",2015
2bfd36c3b1f2ddd28f44071597643132,E 07880301,Био-инженерчлэл,Bio-engineering,Магистр,Өдрийн сургалт,4f4f2448f85dc544fb806c792e9b7adf,"Хими, биологийн инженерчлэлийн тэнхим",2015
94396fb8007c8b4d8a7c2540a8be44a9,"D 072201  ",Материал судлал,Material science,Бакалавр,Өдрийн сургалт,4f4f2448f85dc544fb806c792e9b7adf,"Хими, биологийн инженерчлэлийн тэнхим",2015
3cdebcc071eb2db50b832acb89585972,E 07180101,"Материал судлал, шинэ материалын технологи",Material science and new materials technology,Магистр,Өдрийн сургалт,4f4f2448f85dc544fb806c792e9b7adf,"Хими, биологийн инженерчлэлийн тэнхим",2015
af9658f3d4c2b967d82dd0f579c7dccc,"D 078801  ","Нано шинжлэх ухаан, инженерчлэл",Nano science and engineering,Бакалавр,Өдрийн сургалт,4f4f2448f85dc544fb806c792e9b7adf,"Хими, биологийн инженерчлэлийн тэнхим",2015
c44fd60f56c1454357e527a258c7f6cd,F 07880101,"Нано шинжлэх ухаан, нано инженерчлэл",Nano science and nano engineering,Доктор,Өдрийн сургалт,4f4f2448f85dc544fb806c792e9b7adf,"Хими, биологийн инженерчлэлийн тэнхим",2015
e42a220fb978b4b3b84f3c741629923d,E 07880101,"Нано шинжлэх ухаан, нано инженерчлэл",Nano science and nano engineering,Магистр,Өдрийн сургалт,4f4f2448f85dc544fb806c792e9b7adf,"Хими, биологийн инженерчлэлийн тэнхим",2015
ca62a2a5ae244bb0a315de15ece17def,"D 071101  ",Химийн инженерчлэл,Chemical engineering,Бакалавр,Өдрийн сургалт,4f4f2448f85dc544fb806c792e9b7adf,"Хими, биологийн инженерчлэлийн тэнхим",2015
1ee9ec2d9b8ed5930c0c7a7689b7825b,E 07110101,Химийн инженерчлэл,Chemical engineering,Магистр,Өдрийн сургалт,4f4f2448f85dc544fb806c792e9b7adf,"Хими, биологийн инженерчлэлийн тэнхим",2015
c2b6b40a9d84fc67eb78d297a488dc2d,"D 053102  ",Хэрэглээний хими,Applied chemistry,Бакалавр,Өдрийн сургалт,4f4f2448f85dc544fb806c792e9b7adf,"Хими, биологийн инженерчлэлийн тэнхим",2015
8cc9b2bd1a47ebf3c9cb6279bd6c7f9e,F 05310201,Хэрэглээний хими,Applied chemistry,Доктор,Өдрийн сургалт,4f4f2448f85dc544fb806c792e9b7adf,"Хими, биологийн инженерчлэлийн тэнхим",2015
56a5193a271ebb5cf7914773a430974f,E 05310201,Хэрэглээний хими,Applied chemistry,Магистр,Өдрийн сургалт,4f4f2448f85dc544fb806c792e9b7adf,"Хими, биологийн инженерчлэлийн тэнхим",2015
192438b1c9d69a7ebd0274a86595b3f1,"D 071306  ",Цөмийн инженерчлэл,Nuclear engineering,Бакалавр,Өдрийн сургалт,4f4f2448f85dc544fb806c792e9b7adf,"Хими, биологийн инженерчлэлийн тэнхим",2017
b661fe432e9a27bfd176ffe18533a849,F 07880402,Цөмийн технологи,Nuclear technology,Доктор,Өдрийн сургалт,4f4f2448f85dc544fb806c792e9b7adf,"Хими, биологийн инженерчлэлийн тэнхим",2014
569dfadd8fc0e90cfe0312b5047bb77e,F 07880402,Цөмийн технологи,Nuclear Technology,Доктор,Эчнээ,4f4f2448f85dc544fb806c792e9b7adf,"Хими, биологийн инженерчлэлийн тэнхим",2015
2deaa27ff0ee10ad719b7117e206dabe,E 07880402,Цөмийн технологи,Nuclear technology,Магистр,Өдрийн сургалт,4f4f2448f85dc544fb806c792e9b7adf,"Хими, биологийн инженерчлэлийн тэнхим",2014
13bf2a300fa673c162748a3012b3a448,E 07880403,Цөмийн эрчим хүч,Nuclear energy,Магистр,Өдрийн сургалт,4f4f2448f85dc544fb806c792e9b7adf,"Хими, биологийн инженерчлэлийн тэнхим",2017
bc5abac869b1b6c8ec203b8561f5b4d2,"D 071201  ",Байгаль орчныг хамгаалах технологи,Environmental protection technology,Бакалавр,Өдрийн сургалт,3cd655a86baa53fece96ce751b704d7f,"Хүрээлэн буй орчин, ойн инженерчлэлийн тэнхим",2015
d190e37d7bc01d91ecb81ba5d723bbbc,E 07120101,Байгаль орчныг хамгаалах технологи,Environmental Protection Technology,Магистр,Бэлтгэл,3cd655a86baa53fece96ce751b704d7f,"Хүрээлэн буй орчин, ойн инженерчлэлийн тэнхим",2015
5cfa5340276dbd17deb03737bb0dbbd1,E 07120101,Байгаль орчныг хамгаалах технологи,Environmental protection technology,Магистр,Өдрийн сургалт,3cd655a86baa53fece96ce751b704d7f,"Хүрээлэн буй орчин, ойн инженерчлэлийн тэнхим",2015
c7c49d79b71ff369f2eba7d5e77acdff,"D 082101  ",Ойн аж ахуй,Forestry,Бакалавр,Өдрийн сургалт,3cd655a86baa53fece96ce751b704d7f,"Хүрээлэн буй орчин, ойн инженерчлэлийн тэнхим",2015
438eb0799112b6c6d1939e713ff60502,F 08210101,"Ойн аж ахуй, ой зохион байгуулалт",Forestry,Доктор,Бэлтгэл,3cd655a86baa53fece96ce751b704d7f,"Хүрээлэн буй орчин, ойн инженерчлэлийн тэнхим",2016
08e1c255488f1d6aac4342f43932ac2e,F 08210101,"Ойн аж ахуй, ой зохион байгуулалт",Forestry and forest management,Доктор,Өдрийн сургалт,3cd655a86baa53fece96ce751b704d7f,"Хүрээлэн буй орчин, ойн инженерчлэлийн тэнхим",2014
01d9920f25155bbb3e665a569c9bc883,E 08210101,"Ойн аж ахуй, ой зохион байгуулалт",Forestry,Магистр,Бэлтгэл,3cd655a86baa53fece96ce751b704d7f,"Хүрээлэн буй орчин, ойн инженерчлэлийн тэнхим",2015
e8f670f7ba633798d90e268457ef81a6,E 08210101,"Ойн аж ахуй, ой зохион байгуулалт",Forestry and forest management,Магистр,Өдрийн сургалт,3cd655a86baa53fece96ce751b704d7f,"Хүрээлэн буй орчин, ойн инженерчлэлийн тэнхим",2015
788c5756c0d51caa345d27094274868d,E 08210101,"Ойн аж ахуй, ой зохион байгуулалт",Forestry and forest management,Магистр,Өдрийн сургалт,3cd655a86baa53fece96ce751b704d7f,"Хүрээлэн буй орчин, ойн инженерчлэлийн тэнхим",2014
a4ba205b2561eff1329bba42e4589668,"D 052102  ",Хүрээлэн буй орчин судлал,Environmental science,Бакалавр,Өдрийн сургалт,3cd655a86baa53fece96ce751b704d7f,"Хүрээлэн буй орчин, ойн инженерчлэлийн тэнхим",2015
9f22cdef93475048d0764dfaf3d34269,F 05210201,Хүрээлэн буй орчин судлал,Environmental Sciences,Доктор,Бэлтгэл,3cd655a86baa53fece96ce751b704d7f,"Хүрээлэн буй орчин, ойн инженерчлэлийн тэнхим",2016
a8930494bafb3dc54f360bcfa460e1e3,F 05210201,Хүрээлэн буй орчин судлал,Environmental science,Доктор,Өдрийн сургалт,3cd655a86baa53fece96ce751b704d7f,"Хүрээлэн буй орчин, ойн инженерчлэлийн тэнхим",2015
44aec56953752e25aae682544c4f24d2,E 05210201,Хүрээлэн буй орчин судлал,Environmental Science,Магистр,Бэлтгэл,3cd655a86baa53fece96ce751b704d7f,"Хүрээлэн буй орчин, ойн инженерчлэлийн тэнхим",2015
df2a9807b08f7558eb99dd061e8721aa,E 05210201,Хүрээлэн буй орчин судлал,Environmental science,Магистр,Өдрийн сургалт,3cd655a86baa53fece96ce751b704d7f,"Хүрээлэн буй орчин, ойн инженерчлэлийн тэнхим",2014
184a60056ed48135440878536515c598,"D 071204  ",Хүрээлэн буй орчны инженер,Environmental engineering,Бакалавр,Өдрийн сургалт,3cd655a86baa53fece96ce751b704d7f,"Хүрээлэн буй орчин, ойн инженерчлэлийн тэнхим",2018
3bfb4c2b0e7748290de2428ab1b3b3ee,"D 054201  ",Статистик,Statistics,Бакалавр,Өдрийн сургалт,8afa6421eed2b207733af1946682a7e5,Хэрэглээний математикийн тэнхим,2015
23e797ed8cacbf4f18a7d5ef0230e232,E 05420101,Статистик,ххх,Магистр,Бэлтгэл,8afa6421eed2b207733af1946682a7e5,Хэрэглээний математикийн тэнхим,2015
ad8d13fc5bb91a774a8e15f8776efc25,E 05420101,Статистик,Statistics,Магистр,Өдрийн сургалт,8afa6421eed2b207733af1946682a7e5,Хэрэглээний математикийн тэнхим,2015
653322036ae5102df71bb20b5df3c23f,E 05420101,Статистик,Statistics,Магистр,Өдрийн сургалт,8afa6421eed2b207733af1946682a7e5,Хэрэглээний математикийн тэнхим,2015
9b7035d52fe4d66198175be153e64d3d,"D 053208  ",Ус судлал,Hydrology,Бакалавр,Өдрийн сургалт,8afa6421eed2b207733af1946682a7e5,Хэрэглээний математикийн тэнхим,2017
de0ca911d958962ebe7be7047bea9865,E 05330401,Ус судлал,ххх,Магистр,Бэлтгэл,8afa6421eed2b207733af1946682a7e5,Хэрэглээний математикийн тэнхим,2014
eea8d081936870fcb48ffc8afe869549,E 05330401,Ус судлал,Hydrology,Магистр,Өдрийн сургалт,8afa6421eed2b207733af1946682a7e5,Хэрэглээний математикийн тэнхим,2014
82df498ffd1fdf2d292a4293f6b83d8f,"D 053209  ",Уур амьсгал судлал,"   ",Бакалавр,Өдрийн сургалт,8afa6421eed2b207733af1946682a7e5,Хэрэглээний математикийн тэнхим,2018
c0737c747e76dd3cce75f87832d75c97,"D 054102  ",Хэрэглээний математик,Applied mathematics,Бакалавр,Өдрийн сургалт,8afa6421eed2b207733af1946682a7e5,Хэрэглээний математикийн тэнхим,2015
fd82b83bc4ca6104b99122c72904d4b3,F 05480101,Хэрэглээний математик,Applied mathematics,Доктор,Өдрийн сургалт,8afa6421eed2b207733af1946682a7e5,Хэрэглээний математикийн тэнхим,2014
382747da43f3f37fea95df5fec3834a7,E 05480101,Хэрэглээний математик,ххх,Магистр,Бэлтгэл,8afa6421eed2b207733af1946682a7e5,Хэрэглээний математикийн тэнхим,2015
fa7208e23fea687409cf917f1a5ae098,E 05480101,Хэрэглээний математик,Applied mathematics,Магистр,Өдрийн сургалт,8afa6421eed2b207733af1946682a7e5,Хэрэглээний математикийн тэнхим,2014
33e30a8413daf60d8b7efaec6b2ed6ac,"D 053207  ",Цаг уур,"Meteorology ",Бакалавр,Өдрийн сургалт,8afa6421eed2b207733af1946682a7e5,Хэрэглээний математикийн тэнхим,2017
ecf0e735d060de49040c33f6c7a29c3c,F 05330301,Цаг уур,Meteorology,Доктор,Өдрийн сургалт,8afa6421eed2b207733af1946682a7e5,Хэрэглээний математикийн тэнхим,2015
5fb632e17bedde68adcd750262483780,E 05330301,Цаг уур,ххх,Магистр,Бэлтгэл,8afa6421eed2b207733af1946682a7e5,Хэрэглээний математикийн тэнхим,2015
766d7a9d049db36ecc6d533adab566b6,E 05330301,Цаг уур,Meteorology,Магистр,Өдрийн сургалт,8afa6421eed2b207733af1946682a7e5,Хэрэглээний математикийн тэнхим,2014
83aad725fdef1ace5be8798624783b35,E 05410205,Эрсдлийн шинжээч,Risk analyst,Магистр,Өдрийн сургалт,8afa6421eed2b207733af1946682a7e5,Хэрэглээний математикийн тэнхим,2018
4af739180ed821847fe857a5649924df,E 05410205,Эрсдлийн шинжээч,Risk analyst,Магистр,Өдрийн сургалт,8afa6421eed2b207733af1946682a7e5,Хэрэглээний математикийн тэнхим,2018
ad4a32d1d1f739ddc71639abcf4c98f9,"хххх      ",Байгалийн ухаан болон инженерчлэлийн гүнзгийрүүлсэн сургалтат хөтөлбөр /Honours/,"Honours Programme in Physical Sciences and Engineering ",Бакалавр,Өдрийн сургалт,7a3e42287b64490eddac1278b26d0742,"Хэрэглээний шинжлэх ухаан, инженерчлэлийн сургууль",2016
8096ac9b1ebbc974425e5462d69cb317,"-         ",ХШУИС-ийн ерөнхий суурь хөтөлбөр,General Education Program,Бакалавр,Өдрийн сургалт,7a3e42287b64490eddac1278b26d0742,"Хэрэглээний шинжлэх ухаан, инженерчлэлийн сургууль",2014
1007bae190bdf47e0a3fa03011dfceac,"D 061201  ",Компьютерийн сүлжээ,Computer networks,Бакалавр,Өдрийн сургалт,68ede2c2a5cf611f3df9f92af9b8c841,"Электроник, холбооны инженерчлэлийн тэнхим",2015
9c7aa5b92a618ebcfe007ecdef2ea7ea,E 06120101,Компьютерийн сүлжээ,ххх,Магистр,Бэлтгэл,68ede2c2a5cf611f3df9f92af9b8c841,"Электроник, холбооны инженерчлэлийн тэнхим",2015
7b3c6ab2e472bf788c97a125912f7f63,E 06120101,Компьютерийн сүлжээ,Computer networks,Магистр,Өдрийн сургалт,68ede2c2a5cf611f3df9f92af9b8c841,"Электроник, холбооны инженерчлэлийн тэнхим",2015
1548aadf576989d8bbda69e24e6de982,"D 061903  ",Сүлжээний технологи,Network technology,Бакалавр,Өдрийн сургалт,68ede2c2a5cf611f3df9f92af9b8c841,"Электроник, холбооны инженерчлэлийн тэнхим",2015
7e436573141ef17f961377253679621d,"D 071301  ",Сэргээгдэх эрчим хүч,Renewable energy engineering,Бакалавр,Өдрийн сургалт,68ede2c2a5cf611f3df9f92af9b8c841,"Электроник, холбооны инженерчлэлийн тэнхим",2015
1424291031c78fee9c932d9b6c9a15c6,E 07130101,Сэргээгдэх эрчим хүч,Renewable energy engineering,Магистр,Бэлтгэл,68ede2c2a5cf611f3df9f92af9b8c841,"Электроник, холбооны инженерчлэлийн тэнхим",2015
f07b040f08f6cf7add453a1828fbad6a,E 07130101,Сэргээгдэх эрчим хүч,Renewable energy engineering,Магистр,Өдрийн сургалт,68ede2c2a5cf611f3df9f92af9b8c841,"Электроник, холбооны инженерчлэлийн тэнхим",2015
17f0d677147bec2e0bee10f2ba67b033,"D 071401  ",Электроник,Electronic,Бакалавр,Өдрийн сургалт,68ede2c2a5cf611f3df9f92af9b8c841,"Электроник, холбооны инженерчлэлийн тэнхим",2015
de084a517a74cb5fa2bfd4626ebf4fe2,F 07140101,Электроник,Electronics,Доктор,Өдрийн сургалт,68ede2c2a5cf611f3df9f92af9b8c841,"Электроник, холбооны инженерчлэлийн тэнхим",2018
5dc6e07d10eb969b96393593fefcfb6e,E 07140101,Электроник,xxx,Магистр,Бэлтгэл,68ede2c2a5cf611f3df9f92af9b8c841,"Электроник, холбооны инженерчлэлийн тэнхим",2015
b7367247991835329e6ee87065899bda,E 07140101,Электроник,Electronics,Магистр,Өдрийн сургалт,68ede2c2a5cf611f3df9f92af9b8c841,"Электроник, холбооны инженерчлэлийн тэнхим",2014
8286288299152f4e47f42f37da64fb7a,F 02320202,Гадаад хэл шинжлэл,"Foreign language, linguistics",Доктор,Бэлтгэл,5a34847a1c447c1d7e96fc032aca023a,Ази судлалын тэнхим,2014
ad26d8fd14b7766c408a774b55424a2b,F 02320202,Гадаад хэл шинжлэл,"Foreign language, linguistics",Доктор,Өдрийн сургалт,5a34847a1c447c1d7e96fc032aca023a,Ази судлалын тэнхим,2014
830b6d023eb6a7ab9cc217a0d06a6b1c,F 02320202,Гадаад хэл шинжлэл,"Foreign language, linguistics",Доктор,Эчнээ,5a34847a1c447c1d7e96fc032aca023a,Ази судлалын тэнхим,2014
5e2e0539bf715e15128c4f54b512423d,E 02320202,Гадаад хэл шинжлэл,"Foreign language, linguistics",Магистр,Бэлтгэл,5a34847a1c447c1d7e96fc032aca023a,Ази судлалын тэнхим,2014
5e9bf8a40ea98040ec214cbbd9e56a42,E 02320202,Гадаад хэл шинжлэл,"Foreign language, linguistics",Магистр,Өдрийн сургалт,5a34847a1c447c1d7e96fc032aca023a,Ази судлалын тэнхим,2014
a18a107c334a9290595aab9eead1aa3b,E 02320202,Гадаад хэл шинжлэл,"Foreign language, linguistics",Магистр,Өдрийн сургалт,5a34847a1c447c1d7e96fc032aca023a,Ази судлалын тэнхим,2014
2f48718eea22451a418d697a0c5b01e4,"D 023102  ","Гадаад хэл, орон судлал (Араб)",Arabian language and Arabic studies,Бакалавр,Өдрийн сургалт,5a34847a1c447c1d7e96fc032aca023a,Ази судлалын тэнхим,2017
0f6d96b9ff08d7104f0e8b66432a3ae8,"D 023102  ","Гадаад хэл, орон судлал (Солонгос)",Korean language and Korean studies,Бакалавр,Өдрийн сургалт,5a34847a1c447c1d7e96fc032aca023a,Ази судлалын тэнхим,2017
e6abf08cd09027fa364b3070347a6505,"D 023102  ","Гадаад хэл, орон судлал (Турк)",Turkish language and Turkish studies,Бакалавр,Өдрийн сургалт,5a34847a1c447c1d7e96fc032aca023a,Ази судлалын тэнхим,2017
2a31f8b90c4151f0f70c952975436e60,"D 023102  ","Гадаад хэл, орон судлал (Хятад)",Chinese language and Chinese studies,Бакалавр,Өдрийн сургалт,5a34847a1c447c1d7e96fc032aca023a,Ази судлалын тэнхим,2017
bc4e5e14592fee0d5982cfc8ece31646,"D 023102  ","Гадаад хэл, орон судлал (Япон)",Japanese language and Japanese studies,Бакалавр,Өдрийн сургалт,5a34847a1c447c1d7e96fc032aca023a,Ази судлалын тэнхим,2017
a870efb0e1e347b7d3d9815130231328,F 02310101,Гадаад хэлний орчуулга,Translation,Доктор,Бэлтгэл,5a34847a1c447c1d7e96fc032aca023a,Ази судлалын тэнхим,2014
46e0aef74960381507f76887de4aed27,F 02310101,Гадаад хэлний орчуулга,Translation,Доктор,Өдрийн сургалт,5a34847a1c447c1d7e96fc032aca023a,Ази судлалын тэнхим,2014
1804a3b614ff87fc04c72dc146a345cf,F 02310101,Гадаад хэлний орчуулга,Translation,Доктор,Эчнээ,5a34847a1c447c1d7e96fc032aca023a,Ази судлалын тэнхим,2015
cba3dff94ca9899e22c896a5b3121b89,E 02310101,Гадаад хэлний орчуулга,Translation,Магистр,Бэлтгэл,5a34847a1c447c1d7e96fc032aca023a,Ази судлалын тэнхим,2015
79d72330f5d056a50aeccc49c6ec9e95,E 02310101,Гадаад хэлний орчуулга,Translation,Магистр,Өдрийн сургалт,5a34847a1c447c1d7e96fc032aca023a,Ази судлалын тэнхим,2014
6d63bcdf3473466b174cab7a4a69eb15,E 02310101,Гадаад хэлний орчуулга,Translation,Магистр,Өдрийн сургалт,5a34847a1c447c1d7e96fc032aca023a,Ази судлалын тэнхим,2014
bd22d00315e4b088287992bcc1d242ef,"D 023101  ",Гадаад хэлний орчуулга (Араб),Translation (Arabic Language),Бакалавр,Өдрийн сургалт,5a34847a1c447c1d7e96fc032aca023a,Ази судлалын тэнхим,2014
537d026023c121334a5412074edc5a55,"D 023101  ",Гадаад хэлний орчуулга (Солонгос),Translation (Korean Language),Бакалавр,Өдрийн сургалт,5a34847a1c447c1d7e96fc032aca023a,Ази судлалын тэнхим,2014
3f6f3bd60349f1f4cbad29097c6a4487,"D 023101  ",Гадаад хэлний орчуулга (Турк),Translation (Turkish Language),Бакалавр,Өдрийн сургалт,5a34847a1c447c1d7e96fc032aca023a,Ази судлалын тэнхим,2014
e5896f2500ce5055b7856c53daca22fb,"D 023101  ",Гадаад хэлний орчуулга (Хятад),Translation (Chinese Language),Бакалавр,Өдрийн сургалт,5a34847a1c447c1d7e96fc032aca023a,Ази судлалын тэнхим,2014
ebae7af3b824e4aa9d24a52c56f9055f,"D 023101  ",Гадаад хэлний орчуулга (Япон),Translation (Japanese Language),Бакалавр,Өдрийн сургалт,5a34847a1c447c1d7e96fc032aca023a,Ази судлалын тэнхим,2014
28afc5d787a4d63ddb2b42dba15abcdc,"          ",Солонгос хэлний анхан 1-р шат,"   ",Хэлний бэлтгэл,Өдрийн сургалт,5a34847a1c447c1d7e96fc032aca023a,Ази судлалын тэнхим,2014
aa3bc8cab2faa6e9af664d86291596d1,"          ",Солонгос хэлний анхан 2-р шат,"    ",Хэлний бэлтгэл,Өдрийн сургалт,5a34847a1c447c1d7e96fc032aca023a,Ази судлалын тэнхим,2014
2e5cfd1d6ef0aa8a1fdbdb649cea9239,"          ",Солонгос хэлний дунд 1-р шат,"   ",Хэлний бэлтгэл,Өдрийн сургалт,5a34847a1c447c1d7e96fc032aca023a,Ази судлалын тэнхим,2014
386de820bced3ad92e3395158061dc7d,"D 023202  ",Хэл шинжлэл (Хятад),"Chinese Language, Linguistics",Бакалавр,Өдрийн сургалт,5a34847a1c447c1d7e96fc032aca023a,Ази судлалын тэнхим,2014
f1fc408cf8c17211335d98e30229f1b8,"D 023202  ",Хэл шинжлэл (Япон),"Japanese Language, Linguistics",Бакалавр,Өдрийн сургалт,5a34847a1c447c1d7e96fc032aca023a,Ази судлалын тэнхим,2014
0da95405aa6035a2cc34d218b7e00306,"D 023201  ","Хэл, уран зохиол (Хятад хэл)",Language and literature (Chinese),Бакалавр,Өдрийн сургалт,5a34847a1c447c1d7e96fc032aca023a,Ази судлалын тэнхим,2014
873a6acc5bcb81be35e44b45b2dc8b93,"D 023201  ","Хэл, уран зохиол (Япон хэл)",Language and literature (Japanese),Бакалавр,Өдрийн сургалт,5a34847a1c447c1d7e96fc032aca023a,Ази судлалын тэнхим,2014
b2c2c44d1f413b9513ebbfc63cdac1dd,"          ",Хятад хэлний анхан 1-р шат,"   ",Хэлний бэлтгэл,Өдрийн сургалт,5a34847a1c447c1d7e96fc032aca023a,Ази судлалын тэнхим,2014
33a3f606c9cb64c283cfa4ccbd8f6f22,"          ",Хятад хэлний анхан 2-р шат,"   ",Хэлний бэлтгэл,Өдрийн сургалт,5a34847a1c447c1d7e96fc032aca023a,Ази судлалын тэнхим,2014
1f0f2cd5660b69807bb8075c88fe4a20,"          ",Хятад хэлний дунд 1-р шат,"   ",Хэлний бэлтгэл,Өдрийн сургалт,5a34847a1c447c1d7e96fc032aca023a,Ази судлалын тэнхим,2014
16e8c68f3d0fe7dd826cb6b5429ca706,"          ",Хятад хэлний дунд 2-р шат,"   ",Хэлний бэлтгэл,Өдрийн сургалт,5a34847a1c447c1d7e96fc032aca023a,Ази судлалын тэнхим,2014
e8245b826b5c457037f9aac477ee3986,"          ",Хятад хэлний дээд 1-р шат,"   ",Хэлний бэлтгэл,Өдрийн сургалт,5a34847a1c447c1d7e96fc032aca023a,Ази судлалын тэнхим,2014
6b6f303344e9594042f35f5678fe1e83,"D 031403  ",Антропологи,Anthropology,Бакалавр,Өдрийн сургалт,d0b93e1826279ccb6c700cf21829d860,"Антропологи, археологийн тэнхим",2014
a289821ccf1e016225905416bfd38fb9,F 03140301,Антропологи,Anthropology,Доктор,Бэлтгэл,d0b93e1826279ccb6c700cf21829d860,"Антропологи, археологийн тэнхим",2019
3b0bd6757a4bcd10240c5dd017c537e3,F 03140301,Антропологи,Anthropology,Доктор,Өдрийн сургалт,d0b93e1826279ccb6c700cf21829d860,"Антропологи, археологийн тэнхим",2014
4fa29e951a614c5e6baf66100537aaee,F 03140301,Антропологи,Anthropology,Доктор,Эчнээ,d0b93e1826279ccb6c700cf21829d860,"Антропологи, археологийн тэнхим",2014
33dfb5546aad2a347acf88920952eaf2,E 03140301,Антропологи,"Anthropology  ",Магистр,Бэлтгэл,d0b93e1826279ccb6c700cf21829d860,"Антропологи, археологийн тэнхим",2015
b69dbd013f88768a8f652f29bf87454b,E 03140301,Антропологи,Anthropology,Магистр,Өдрийн сургалт,d0b93e1826279ccb6c700cf21829d860,"Антропологи, археологийн тэнхим",2014
9ae8341bd9613d87212ba8a4813b9222,E 03140301,Антропологи,Anthropology,Магистр,Өдрийн сургалт,d0b93e1826279ccb6c700cf21829d860,"Антропологи, археологийн тэнхим",2014
bc74ae9ca5d7f5f1df99f1b4d5dde310,"D 022202  ",Археологи,Archaeology,Бакалавр,Өдрийн сургалт,d0b93e1826279ccb6c700cf21829d860,"Антропологи, археологийн тэнхим",2014
86765bed36006c9e1f20d8d3a913d858,F 02220201,Археологи,Archaeology,Доктор,Бэлтгэл,d0b93e1826279ccb6c700cf21829d860,"Антропологи, археологийн тэнхим",2015
cb07e8f733aa49e64427a360cbadd81d,F 02220201,Археологи,Archaeology,Доктор,Өдрийн сургалт,d0b93e1826279ccb6c700cf21829d860,"Антропологи, археологийн тэнхим",2014
cf9f2e5df31c64db8ed6d1fddc8f4e18,F 02220201,Археологи,Archaeology,Доктор,Экстернат,d0b93e1826279ccb6c700cf21829d860,"Антропологи, археологийн тэнхим",2014
555f1393a8bd18305add68011105097c,F 02220201,Археологи,Archaeology,Доктор,Эчнээ,d0b93e1826279ccb6c700cf21829d860,"Антропологи, археологийн тэнхим",2014
e6184bfaeffe313e1df0f35b0ef8fb92,Е 02220201,Археологи,Archaeology,Магистр,Бэлтгэл,d0b93e1826279ccb6c700cf21829d860,"Антропологи, археологийн тэнхим",2016
e4824f1c9371525ec5d75a3dce751d7d,E 02220201,Археологи,Archaeology,Магистр,Өдрийн сургалт,d0b93e1826279ccb6c700cf21829d860,"Антропологи, археологийн тэнхим",2014
fde919e5b4162641dfedd98a01143f9e,"          ",Байгалийн ухаан болон инженерчлэлийн гүнзгийрүүлсэн сургалтат хөтөлбөр /Honours/,Honours Programme in Physical Sciences and Engineering,Бакалавр,Өдрийн сургалт,de46dac2bf13507db0738d67159b5234,Байгалийн ухааны салбар,2016
93b3eabb529c25e6f0fac0a42626aa9e,"-         ",ШУС-ийн Байгалийн ухааны салбарын ерөнхий суурь хөтөлбөр,"Division of Natural Sciences, School of Arts and Sciences",Бакалавр,Өдрийн сургалт,de46dac2bf13507db0738d67159b5234,Байгалийн ухааны салбар,2014
4b1bf33695e2eaa4cb5a6ae7f759451d,"D 011402  ","Багш, байгалийн ухааны боловсрол (Биологи)",Teacher training - Biology,Бакалавр,Өдрийн сургалт,6018f407df4927a1a0676f717b159204,Биологийн тэнхим,2014
d056ba8fd7b523ea442484b76c158804,E 04130202,Байгалийн нөөцийн менежмент,Natural resources management,Магистр,Бэлтгэл,6018f407df4927a1a0676f717b159204,Биологийн тэнхим,2018
2dae6cae3f8e2c9bb6e9a8633a613591,E 04130202,Байгалийн нөөцийн менежмент,Natural resources management,Магистр,Өдрийн сургалт,6018f407df4927a1a0676f717b159204,Биологийн тэнхим,2014
2c5580fb0c9767d45ac5b400aca70283,"D 051101  ",Биологи,Biology,Бакалавр,Өдрийн сургалт,6018f407df4927a1a0676f717b159204,Биологийн тэнхим,2014
5485264666682d29569aee0a4a93987f,F 05110101,Биологи,Biology,Доктор,Өдрийн сургалт,6018f407df4927a1a0676f717b159204,Биологийн тэнхим,2014
0087f41530b706140e4a8d0d1518412e,F 05110101,Биологи,Biology,Доктор,Экстернат,6018f407df4927a1a0676f717b159204,Биологийн тэнхим,2017
bc0eafbe2f1b1ae458a22dd145bce0fb,F 05110101,Биологи,Biology,Доктор,Эчнээ,6018f407df4927a1a0676f717b159204,Биологийн тэнхим,2014
0686ab22043b50677d168a9f93ed4e59,E 05110101,Биологи,"Biology ",Магистр,Бэлтгэл,6018f407df4927a1a0676f717b159204,Биологийн тэнхим,2014
4e565dc60d6923fbb24365bd5b852d59,E 05110101,Биологи,Biology,Магистр,Өдрийн сургалт,6018f407df4927a1a0676f717b159204,Биологийн тэнхим,2014
334ded6be7763db644b7dab0912e3483,"D 052201  ",Биологийн нөөцийн менежмент,Biological resources management,Бакалавр,Өдрийн сургалт,6018f407df4927a1a0676f717b159204,Биологийн тэнхим,2017
6755de4bc8eb7fa8ff10537e7cb64098,"D 051202  ",Биотехнологи,Biotechnology,Бакалавр,Өдрийн сургалт,6018f407df4927a1a0676f717b159204,Биологийн тэнхим,2017
c875d55b7db5427023eae8f2ea16443f,E 07880201,Биотехнологи,Biotechnology,Магистр,Бэлтгэл,6018f407df4927a1a0676f717b159204,Биологийн тэнхим,2018
3bb823e780001135bf701729344c081c,E 07880201,Биотехнологи,Biotechnology,Магистр,Өдрийн сургалт,6018f407df4927a1a0676f717b159204,Биологийн тэнхим,2014
354b5f4230b98e5989d2005555636912,E 05110102,Биофизик,Biophysics,Магистр,Бэлтгэл,6018f407df4927a1a0676f717b159204,Биологийн тэнхим,2018
3298b2a01f6eff7cd31b7008ec5b6115,E 05110102,Биофизик,Biophysics,Магистр,Өдрийн сургалт,6018f407df4927a1a0676f717b159204,Биологийн тэнхим,2014
1a62dc8e749bd9d24399bd61e64ab734,"D 051201  ",Биохими,Biochemistry,Бакалавр,Өдрийн сургалт,6018f407df4927a1a0676f717b159204,Биологийн тэнхим,2014
11533505fa56608c97022e5b82cd958f,F 05120101,Биохими,Biochemistry,Доктор,Өдрийн сургалт,6018f407df4927a1a0676f717b159204,Биологийн тэнхим,2014
c1b61b8685af17f65f409452c96e5df8,F 05120101,Биохими,Biochemistry,Доктор,Эчнээ,6018f407df4927a1a0676f717b159204,Биологийн тэнхим,2014
7a1fc75a85ec5093b0e2c2c89b4b867a,E 05120101,Биохими,Biochemistry,Магистр,Бэлтгэл,6018f407df4927a1a0676f717b159204,Биологийн тэнхим,2018
dfcdf6a38e19b4193bed8ccd82df51ed,E 05120101,Биохими,Biochemistry,Магистр,Өдрийн сургалт,6018f407df4927a1a0676f717b159204,Биологийн тэнхим,2014
61656c9f5a5ba64eb71c52bde0118916,E 09120109,Молекул биологи,"Molecular biology   ",Магистр,Өдрийн сургалт,6018f407df4927a1a0676f717b159204,Биологийн тэнхим,2014
6c199f0b23b5ed80814d74db1c7aa91d,"D 052101  ",Экологи,Ecology,Бакалавр,Өдрийн сургалт,6018f407df4927a1a0676f717b159204,Биологийн тэнхим,2014
c58c03ff6035e0006a880e5f872c5e97,F 05210101,Экологи,Ecology,Доктор,Бэлтгэл,6018f407df4927a1a0676f717b159204,Биологийн тэнхим,2014
e673fa8ce69efc76c41aab27d4084a4c,F 05210101,Экологи,Ecology,Доктор,Өдрийн сургалт,6018f407df4927a1a0676f717b159204,Биологийн тэнхим,2014
eb78e69ba5dbe613d1d06dc580b6e82f,F 05210101,Экологи,Ecology,Доктор,Эчнээ,6018f407df4927a1a0676f717b159204,Биологийн тэнхим,2014
745ec47542158cf3bde5ca6a295b173a,E 05210101,Экологи,"     ",Магистр,Бэлтгэл,6018f407df4927a1a0676f717b159204,Биологийн тэнхим,2018
404c2a54d5e938fe40c70ac42ee2d6e7,E 05210101,Экологи,Ecology,Магистр,Өдрийн сургалт,6018f407df4927a1a0676f717b159204,Биологийн тэнхим,2014
a6a3593d27b3618efc5b5721e130319b,F 01110101,Боловсрол судлал,Education Study,Доктор,Өдрийн сургалт,4bc769f0f30a1a3fd062d11b1a12a695,"Боловсрол, сэтгэл судлалын тэнхим",2014
8cc06042654265a9cf76419ca2ec290b,F 01110101,Боловсрол судлал,Education Study,Доктор,Эчнээ,4bc769f0f30a1a3fd062d11b1a12a695,"Боловсрол, сэтгэл судлалын тэнхим",2015
16654aad76876de5dd7c99e1e0c3acd8,E 01110101,Боловсрол судлал,Education Study,Магистр,Өдрийн сургалт,4bc769f0f30a1a3fd062d11b1a12a695,"Боловсрол, сэтгэл судлалын тэнхим",2014
f5cbfb6ff40d9bdee8f2804fdf2c14eb,"D 031301  ",Сэтгэл судлал,Psychology,Бакалавр,Өдрийн сургалт,4bc769f0f30a1a3fd062d11b1a12a695,"Боловсрол, сэтгэл судлалын тэнхим",2014
c46af4d841f3e38de7d0481932408d35,F 03130101,Сэтгэл судлал,Psychology,Доктор,Бэлтгэл,4bc769f0f30a1a3fd062d11b1a12a695,"Боловсрол, сэтгэл судлалын тэнхим",2019
05fb5f1d0bc4c93ca764f45eb63b589d,F 03130101,Сэтгэл судлал,Psychology,Доктор,Өдрийн сургалт,4bc769f0f30a1a3fd062d11b1a12a695,"Боловсрол, сэтгэл судлалын тэнхим",2014
3b09899cc9b3829e95d13d0a608a26e3,F 03130101,Сэтгэл судлал,Psychology,Доктор,Эчнээ,4bc769f0f30a1a3fd062d11b1a12a695,"Боловсрол, сэтгэл судлалын тэнхим",2014
761b74ffc5a36e10effaba4e983e659f,Е 03130101,Сэтгэл судлал,Psychology,Магистр,Бэлтгэл,4bc769f0f30a1a3fd062d11b1a12a695,"Боловсрол, сэтгэл судлалын тэнхим",2016
05e192afc597ad5ec3e43d6942f21287,E 03130101,Сэтгэл судлал,Psychology,Магистр,Өдрийн сургалт,4bc769f0f30a1a3fd062d11b1a12a695,"Боловсрол, сэтгэл судлалын тэнхим",2014
e225e30193be5ab813542b925408ef01,"D 101501  ",Аялал жуулчлал,Tourism,Бакалавр,Өдрийн сургалт,58b5e95b313a0d1c140d3f809c8529ce,Газарзүйн тэнхим,2018
be82c20edd144f0d44d09c464403049e,"D 053206  ",Байгаль орчныг зайнаас тандан судлал,"Environmental remote sensing ",Бакалавр,Өдрийн сургалт,58b5e95b313a0d1c140d3f809c8529ce,Газарзүйн тэнхим,2014
be339a61402417795c3222985f9cbb9f,Е 05320601,Байгаль орчныг зайнаас тандан судлал,"Environmental remote sensing ",Магистр,Бэлтгэл,58b5e95b313a0d1c140d3f809c8529ce,Газарзүйн тэнхим,2014
c0b684bd2ee1a5a12573a927bce6d3f3,E 05320601,Байгаль орчныг зайнаас тандан судлал,"Environmental remote sensing ",Магистр,Өдрийн сургалт,58b5e95b313a0d1c140d3f809c8529ce,Газарзүйн тэнхим,2014
5ddace85ff549d4799c9ee85e67a2714,E 05320601,Байгаль орчныг зайнаас тандан судлал,"Environmental remote sensing ",Магистр,Өдрийн сургалт,58b5e95b313a0d1c140d3f809c8529ce,Газарзүйн тэнхим,2014
ab6f2ff9a3c4f8f62fa99ab046968d56,E 07310101,Газар зохион байгуулалт,Land management,Магистр,Өдрийн сургалт,58b5e95b313a0d1c140d3f809c8529ce,Газарзүйн тэнхим,2020
03667ca75614d71480c0f8b02badac8e,E 07310101,Газар зохион байгуулалт,"Land management ",Магистр,Өдрийн сургалт,58b5e95b313a0d1c140d3f809c8529ce,Газарзүйн тэнхим,2014
8d350b8f9f3c56f2bf7fd562eac48d2a,"D 053211  ","Газар зохион байгуулалт (төлөвлөлт, кадастр)",Land management (planning and cadastre),Бакалавр,Өдрийн сургалт,58b5e95b313a0d1c140d3f809c8529ce,Газарзүйн тэнхим,2017
74efb3aa92de017066ce67c5e9873c09,"D 053202  ",Газарзүй,Geography,Бакалавр,Өдрийн сургалт,58b5e95b313a0d1c140d3f809c8529ce,Газарзүйн тэнхим,2014
f731095a5a476f33275db76ea84bfe3f,F 05320201,Газарзүй,Geography,Доктор,Өдрийн сургалт,58b5e95b313a0d1c140d3f809c8529ce,Газарзүйн тэнхим,2014
8643762c4638d8d3f5681b5c9f51b9be,F 05320201,Газарзүй,"Geography ",Доктор,Экстернат,58b5e95b313a0d1c140d3f809c8529ce,Газарзүйн тэнхим,2014
13266fac244aa9cee8d0100f2482dd24,F 05320201,Газарзүй,Geography,Доктор,Эчнээ,58b5e95b313a0d1c140d3f809c8529ce,Газарзүйн тэнхим,2014
1cf6e33119e3bcb9730c4061c136668f,E 05320201,Газарзүй,Geography,Магистр,Өдрийн сургалт,58b5e95b313a0d1c140d3f809c8529ce,Газарзүйн тэнхим,2014
bd26d3814f59003ec676f822078be49d,E 01140204,Газарзүйн боловсрол,Geographical education,Магистр,Өдрийн сургалт,58b5e95b313a0d1c140d3f809c8529ce,Газарзүйн тэнхим,2014
20da0c25d092fdf105a7ae257b65c682,E 01140204,Газарзүйн боловсрол,Geographical education,Магистр,Өдрийн сургалт,58b5e95b313a0d1c140d3f809c8529ce,Газарзүйн тэнхим,2014
22982763cda5f7e6a6a9a0a414fe43c1,E 05320103,Газрын кадастр,Land cadastre,Магистр,Өдрийн сургалт,58b5e95b313a0d1c140d3f809c8529ce,Газарзүйн тэнхим,2014
30e1ec58e2d7f83a578514f4cfacad08,Е 07310301,Хот ба бүс нутаг төлөвлөлт,"Urban and regional planning ",Магистр,Бэлтгэл,58b5e95b313a0d1c140d3f809c8529ce,Газарзүйн тэнхим,2014
6daca3a60ca09e7231ad487be3a29f57,"D 053210  ",Хот ба бүс нутгийн төлөвлөлт,Urban and regional planning,Бакалавр,Өдрийн сургалт,58b5e95b313a0d1c140d3f809c8529ce,Газарзүйн тэнхим,2017
0863316f683923472b1e559622293e3b,E 07310301,Хот ба бүс нутгийн төлөвлөлт,Urban and regional planning,Магистр,Өдрийн сургалт,58b5e95b313a0d1c140d3f809c8529ce,Газарзүйн тэнхим,2014
150459765cdc41ce57d76c21f67022ff,E 08110201,Хөрс судлал,"   ",Магистр,Бэлтгэл,58b5e95b313a0d1c140d3f809c8529ce,Газарзүйн тэнхим,2017
e2e37c2b10766d5a17d6859009c3cffe,E 08110201,Хөрс судлал,Soil science,Магистр,Өдрийн сургалт,58b5e95b313a0d1c140d3f809c8529ce,Газарзүйн тэнхим,2014
fb94a20305c5308d13d5dedb1da488e6,"D 053203  ",Геологи,Geology,Бакалавр,Өдрийн сургалт,b7f162eb22ba29a68e6f732d66d5c2ee,"Геологи, геофизикийн тэнхим",2014
e8fe3639ff4abe14a6295329d353771d,F 05320301,Геологи,Geology,Доктор,Бэлтгэл,b7f162eb22ba29a68e6f732d66d5c2ee,"Геологи, геофизикийн тэнхим",2016
897b7612f047982d29f49aa0a60d8210,F 05320301,Геологи,Geology,Доктор,Өдрийн сургалт,b7f162eb22ba29a68e6f732d66d5c2ee,"Геологи, геофизикийн тэнхим",2014
400371d77f0088b03159f4663df54f66,F 05320301,Геологи,Geology,Доктор,Экстернат,b7f162eb22ba29a68e6f732d66d5c2ee,"Геологи, геофизикийн тэнхим",2019
7987562f65b81840970bae25d61f5750,F 05320301,Геологи,Geology,Доктор,Эчнээ,b7f162eb22ba29a68e6f732d66d5c2ee,"Геологи, геофизикийн тэнхим",2014
a99a8462832660e59aa4a17778ed04b6,E 05320301,Геологи (Геологи эрдэс баялгийн удирдлага),Geology (Geology and mineral resource management),Магистр,Бэлтгэл,b7f162eb22ba29a68e6f732d66d5c2ee,"Геологи, геофизикийн тэнхим",2014
a7e7b329bbe66d9055bbd677e9db431b,E 05320301,Геологи (Геологи эрдэс баялгийн удирдлага),Geology (Geology and mineral resource management),Магистр,Өдрийн сургалт,b7f162eb22ba29a68e6f732d66d5c2ee,"Геологи, геофизикийн тэнхим",2014
551b56044af3e3115d66fad504f9f3b8,E 05320301,Геологи (Геологи эрдэс баялгийн удирдлага),Geology (Geology and mineral resource management),Магистр,Өдрийн сургалт,b7f162eb22ba29a68e6f732d66d5c2ee,"Геологи, геофизикийн тэнхим",2014
6d615b021decc12bef94457482d7eab5,E 05320301,Геологи (Геологи эрэл хайгуул),Geology (Geological prospecting and exploration),Магистр,Бэлтгэл,b7f162eb22ba29a68e6f732d66d5c2ee,"Геологи, геофизикийн тэнхим",2014
32830c3d7686081b96bd1f213f26de50,E 05320301,Геологи (Геологи эрэл хайгуул),Geology (Geological prospecting and exploration),Магистр,Өдрийн сургалт,b7f162eb22ba29a68e6f732d66d5c2ee,"Геологи, геофизикийн тэнхим",2014
fbf72c7f944a2c6e9cd7b9fb4e436b49,E 05320301,Геологи (Геологи эрэл хайгуул),Geology (Geological prospecting and exploration),Магистр,Өдрийн сургалт,b7f162eb22ba29a68e6f732d66d5c2ee,"Геологи, геофизикийн тэнхим",2014
7deca002dfaf34946432ac79135d911c,E 05320301,Геологи (Шатах ашигт малтмалын геологи),Geology (Geology of fossil fuel),Магистр,Бэлтгэл,b7f162eb22ba29a68e6f732d66d5c2ee,"Геологи, геофизикийн тэнхим",2014
cd855e796872223800d34b9263de7392,E 05320301,Геологи (Шатах ашигт малтмалын геологи),Geology (Geology of fossil fuel),Магистр,Өдрийн сургалт,b7f162eb22ba29a68e6f732d66d5c2ee,"Геологи, геофизикийн тэнхим",2014
f12735efab5907266bfa097604bb0f8e,E 05320301,Геологи (Шатах ашигт малтмалын геологи),Geology (Geology of fossil fuel),Магистр,Өдрийн сургалт,b7f162eb22ba29a68e6f732d66d5c2ee,"Геологи, геофизикийн тэнхим",2014
237d08e0ad61fde7c95f7a12d63001b3,"D 053205  ",Геофизик,Geophysics,Бакалавр,Өдрийн сургалт,b7f162eb22ba29a68e6f732d66d5c2ee,"Геологи, геофизикийн тэнхим",2014
eeaa1d3ebcb6dbd95ed351d8037ac763,F 05320501,Геофизик,Geophysics,Доктор,Өдрийн сургалт,b7f162eb22ba29a68e6f732d66d5c2ee,"Геологи, геофизикийн тэнхим",2014
3a718357911af92c72807234b7529ec4,F 05320501,Геофизик,Geophysics,Доктор,Эчнээ,b7f162eb22ba29a68e6f732d66d5c2ee,"Геологи, геофизикийн тэнхим",2014
1b99389ce53380c9ebc5b306e62004cb,Е 05320501,Геофизик," ",Магистр,Бэлтгэл,b7f162eb22ba29a68e6f732d66d5c2ee,"Геологи, геофизикийн тэнхим",2016
28ebcf26320548b9a4f737c0568b60d4,Е 05320501,Геофизик,Geophysics,Магистр,Өдрийн сургалт,b7f162eb22ba29a68e6f732d66d5c2ee,"Геологи, геофизикийн тэнхим",2014
0b3737eb5b971cec9a783c1c09967e4c,E 05320501,Геофизик,Geophysics,Магистр,Өдрийн сургалт,b7f162eb22ba29a68e6f732d66d5c2ee,"Геологи, геофизикийн тэнхим",2014
d189489acf2c1dff327a931d7174f222,"D 011409  ","Багш, гадаад хэлний боловсрол (Орос)",Teacher training-Russian,Бакалавр,Өдрийн сургалт,6ed39561d2b0c87b817045c8d23acc4a,Европ судлалын тэнхим,2016
7f552057497809bc34d146c4d33d1d20,"D 023102  ","Гадаад хэл, орон судлал (Испани)",Spanish language and Spanish studies,Бакалавр,Өдрийн сургалт,6ed39561d2b0c87b817045c8d23acc4a,Европ судлалын тэнхим,2017
2ba80e5d31ad6e5e7b9dbd7d6b35f5b7,"D 023102  ","Гадаад хэл, орон судлал (Итали)",Italian language and Italian studies,Бакалавр,Өдрийн сургалт,6ed39561d2b0c87b817045c8d23acc4a,Европ судлалын тэнхим,2017
b7497923e2b5a03e3d3d7a5026a00c57,"D 023102  ","Гадаад хэл, орон судлал (Польш)",Polish language and Polish studies,Бакалавр,Өдрийн сургалт,6ed39561d2b0c87b817045c8d23acc4a,Европ судлалын тэнхим,2017
9382feef53a0605ec59f79a2cb2bab94,"D 023102  ","Гадаад хэл, орон судлал (Франц)",French language and French studies,Бакалавр,Өдрийн сургалт,6ed39561d2b0c87b817045c8d23acc4a,Европ судлалын тэнхим,2017
d8bd93fc5c5e48cae665cf51ba11d743,"D 023102  ","Гадаад хэл, орон судлал (Чех)",Czech language and Czech studies,Бакалавр,Өдрийн сургалт,6ed39561d2b0c87b817045c8d23acc4a,Европ судлалын тэнхим,2017
7701e9e7a7f95ef09cb22da3d02d3eba,"D 023101  ",Гадаад хэлний орчуулга (Герман),Translation (German Language),Бакалавр,Өдрийн сургалт,6ed39561d2b0c87b817045c8d23acc4a,Европ судлалын тэнхим,2018
58eba97a62aa90d3fa8d08c32fe199bb,"D 023101  ",Гадаад хэлний орчуулга (Орос),Translation (Russian Language),Бакалавр,Өдрийн сургалт,6ed39561d2b0c87b817045c8d23acc4a,Европ судлалын тэнхим,2014
3c2ea965e0296fcf5931af68c6038044,"D 023101  ",Гадаад хэлний орчуулга (Франц),Translation (French language),Бакалавр,Өдрийн сургалт,6ed39561d2b0c87b817045c8d23acc4a,Европ судлалын тэнхим,2018
091f0b66741d03f3e3f2bee9f227b06d,E 02220301,Олон улс орон судлал,International and Area studies,Магистр,Бэлтгэл,6ed39561d2b0c87b817045c8d23acc4a,Европ судлалын тэнхим,2014
328a5c708eeab521de7c670d37706f06,F 02220301,"Олон улс, орон судлал",International and Area studies,Доктор,Бэлтгэл,6ed39561d2b0c87b817045c8d23acc4a,Европ судлалын тэнхим,2014
0a01bcae65fa107a22769c06783e823b,F 02220301,"Олон улс, орон судлал",International and Area studies,Доктор,Өдрийн сургалт,6ed39561d2b0c87b817045c8d23acc4a,Европ судлалын тэнхим,2014
d8948bcd5c2b3b626dcc36fe83ab351c,F 02220301,"Олон улс, орон судлал",International and Area studies,Доктор,Эчнээ,6ed39561d2b0c87b817045c8d23acc4a,Европ судлалын тэнхим,2014
f89b0ac312807c19df0bf7a3a60e54d3,E 02220301,"Олон улс, орон судлал",International and area studies,Магистр,Өдрийн сургалт,6ed39561d2b0c87b817045c8d23acc4a,Европ судлалын тэнхим,2014
6ebc11a663368ef86d689bea3c52e6cf,E 02220301,"Олон улс, орон судлал",International and area studies,Магистр,Өдрийн сургалт,6ed39561d2b0c87b817045c8d23acc4a,Европ судлалын тэнхим,2014
916a271820e2bbbd7cee53c31c622262,"11111     ",Орос хэлний бэлтгэл,"   ",Бакалавр,Өдрийн сургалт,6ed39561d2b0c87b817045c8d23acc4a,Европ судлалын тэнхим,2018
f246682080c6e581eb51994638e5628c,"D 023202  ",Хэл шинжлэл (Герман),"German Language, Linguistics",Бакалавр,Өдрийн сургалт,6ed39561d2b0c87b817045c8d23acc4a,Европ судлалын тэнхим,2014
6ec6a9cf3ba519ad9109c7375f17b6f1,"D 023202  ",Хэл шинжлэл (Орос),"Russian Language, Linguistics",Бакалавр,Өдрийн сургалт,6ed39561d2b0c87b817045c8d23acc4a,Европ судлалын тэнхим,2014
433d0c3143c34a3cd95a5f75e9453098,"D 011409  ","Багш, гадаад хэлний боловсрол (Англи)","Teacher training-English ",Бакалавр,Өдрийн сургалт,1bd938390e3a5fc0c195c6ca6420313a,"Их Британи, Америк судлалын тэнхим",2014
64d9ffcd44f76d012011b777fa4b3add,"D 011409  ","Багш, гадаад хэлний боловсрол /Англи/","    ",Бакалавр,Оройгоор,1bd938390e3a5fc0c195c6ca6420313a,"Их Британи, Америк судлалын тэнхим",2017
6f1b5ccc22ec3298fe0a11530c3c9690,"D 023102  ","Гадаад хэл, орон судлал (Америк)",English language and American studies,Бакалавр,Өдрийн сургалт,1bd938390e3a5fc0c195c6ca6420313a,"Их Британи, Америк судлалын тэнхим",2017
6ef844af73e4a38c20b66b4c565da4e3,"D 023102  ","Гадаад хэл, орон судлал (Их Британи)",English language and British studies,Бакалавр,Өдрийн сургалт,1bd938390e3a5fc0c195c6ca6420313a,"Их Британи, Америк судлалын тэнхим",2017
08c2bcbe9669e48adc433f3e4a7a27f4,Е 01140901,Гадаад хэлний боловсрол,Foreign language education,Магистр,Бэлтгэл,1bd938390e3a5fc0c195c6ca6420313a,"Их Британи, Америк судлалын тэнхим",2016
38f9fecb3d7852b3336522a4fa497306,E 01140901,Гадаад хэлний боловсрол,Foreign language education,Магистр,Өдрийн сургалт,1bd938390e3a5fc0c195c6ca6420313a,"Их Британи, Америк судлалын тэнхим",2014
5e920ce1c17719be140dc92e57f46b8a,E 01140901,Гадаад хэлний боловсрол,Foreign language education,Магистр,Өдрийн сургалт,1bd938390e3a5fc0c195c6ca6420313a,"Их Британи, Америк судлалын тэнхим",2014
7142e350462c2df4058ba4895702edb5,"D 023101  ",Гадаад хэлний орчуулга (Англи),Translation (English Language),Бакалавр,Өдрийн сургалт,1bd938390e3a5fc0c195c6ca6420313a,"Их Британи, Америк судлалын тэнхим",2014
de0164bd6f2888a51e95437e98b56400,"D 023201  ","Хэл, уран зохиол (Англи хэл)",Language and Literature (English),Бакалавр,Өдрийн сургалт,1bd938390e3a5fc0c195c6ca6420313a,"Их Британи, Америк судлалын тэнхим",2014
208011414224226dfd90660c013590d8,"D 011401  ","Багш, математикийн боловсрол",Teacher training - Mathematics,Бакалавр,Өдрийн сургалт,c38b93674cf1286afa59d931cd34cb50,Математикийн тэнхим,2014
27e0391e1fa7deca43180700e24dadb3,"D 054101  ",Математик,Mathematics,Бакалавр,Өдрийн сургалт,c38b93674cf1286afa59d931cd34cb50,Математикийн тэнхим,2014
74ad24fa372969eb0651b60eb66a091f,F 05410102,Математик,Mathematics,Доктор,Өдрийн сургалт,c38b93674cf1286afa59d931cd34cb50,Математикийн тэнхим,2014
968e5678e0a0713df6f5f78171d89f02,F 05410102,Математик,Mathematics,Доктор,Эчнээ,c38b93674cf1286afa59d931cd34cb50,Математикийн тэнхим,2014
de5f8236483724f8e80b1f756763ffcd,Е 05410101,Математик,Mathematics,Магистр,Бэлтгэл,c38b93674cf1286afa59d931cd34cb50,Математикийн тэнхим,2016
2b6c8be84f43b067d66d0e06a9e8dd98,E 05410101,Математик,Mathematics,Магистр,Өдрийн сургалт,c38b93674cf1286afa59d931cd34cb50,Математикийн тэнхим,2014
d4cdf68d40a63c11d87a703a104e9cd5,E 05410101,Математик,Mathematics,Магистр,Өдрийн сургалт,c38b93674cf1286afa59d931cd34cb50,Математикийн тэнхим,2014
2467aae22e44074dd289e9ef729c538d,E 01140101,Математикийн боловсрол,"Mathematics Education    ",Магистр,Бэлтгэл,c38b93674cf1286afa59d931cd34cb50,Математикийн тэнхим,2016
631ceb03226438fc7823db42ae1b7341,E 01140101,Математикийн боловсрол,"Mathematics education ",Магистр,Өдрийн сургалт,c38b93674cf1286afa59d931cd34cb50,Математикийн тэнхим,2014
85318b8944dc5ab88e966d8720bed02c,E 01140101,Математикийн боловсрол,"Mathematics education   ",Магистр,Өдрийн сургалт,c38b93674cf1286afa59d931cd34cb50,Математикийн тэнхим,2014
e50679c3f4caed5a81cbd7701df68b95,"D 011407  ","Багш, монгол хэл уран зохиолын боловсрол",Teacher training-Mongolian language and literature,Бакалавр,Өдрийн сургалт,95a485b3b976ad8389524ac2ac642520,"Монгол хэл, хэл шинжлэлийн тэнхим",2014
71a134939fcbd05527ba959db316afb6,"132       ",Монгол хэлний бэлтгэл анхан шат,Mongolian Language Program (Elementary),Хэлний бэлтгэл,Өдрийн сургалт,95a485b3b976ad8389524ac2ac642520,"Монгол хэл, хэл шинжлэлийн тэнхим",2010
13b9bb9e8057c814f20d11fe073ed93d,"1         ",Монгол хэлний бэлтгэл гүнзгий шат,Mongolian Language Program (Advance),Хэлний бэлтгэл,Өдрийн сургалт,95a485b3b976ad8389524ac2ac642520,"Монгол хэл, хэл шинжлэлийн тэнхим",2010
524a7f1f7f83ac91ffd14638b9ef936f,"1         ",Монгол хэлний бэлтгэл дунд шат,Mongolian Language Program (Intermediate),Хэлний бэлтгэл,Өдрийн сургалт,95a485b3b976ad8389524ac2ac642520,"Монгол хэл, хэл шинжлэлийн тэнхим",2010
3d078755fbb6e1acc8cd1b5b315fa540,F 02320201,Хэл шинжлэл,"Linguistics ",Доктор,Бэлтгэл,95a485b3b976ad8389524ac2ac642520,"Монгол хэл, хэл шинжлэлийн тэнхим",2014
022e5aafc929c7e2a81c56fa7121be66,F 02320201,Хэл шинжлэл,Linguistics,Доктор,Өдрийн сургалт,95a485b3b976ad8389524ac2ac642520,"Монгол хэл, хэл шинжлэлийн тэнхим",2014
63d65ea85e0be363ffada20eadeb792c,F 02320201,Хэл шинжлэл,Linguistics,Доктор,Эчнээ,95a485b3b976ad8389524ac2ac642520,"Монгол хэл, хэл шинжлэлийн тэнхим",2015
9e9219017d6bfcf1da74086a3b50f62e,E 02320201,Хэл шинжлэл,Linguistics,Магистр,Бэлтгэл,95a485b3b976ad8389524ac2ac642520,"Монгол хэл, хэл шинжлэлийн тэнхим",2016
072b540520d4298734a94f99d8f2b490,E 02320201,Хэл шинжлэл,Linguistics (Mongolian),Магистр,Өдрийн сургалт,95a485b3b976ad8389524ac2ac642520,"Монгол хэл, хэл шинжлэлийн тэнхим",2014
162b2751997983badec65b899ecea6ba,E 02320201,Хэл шинжлэл,Linguistics (Mongolian),Магистр,Өдрийн сургалт,95a485b3b976ad8389524ac2ac642520,"Монгол хэл, хэл шинжлэлийн тэнхим",2014
6d2a59558b1cacfa641ede8ffd584dec,"D 023202  ",Хэл шинжлэл (Монгол хэл),Linguistics (Mongolian),Бакалавр,Өдрийн сургалт,95a485b3b976ad8389524ac2ac642520,"Монгол хэл, хэл шинжлэлийн тэнхим",2015
9288ad2143ea15eed1cff3212190e1dc,"D 023201  ","Хэл, уран зохиол (Монгол хэл)",Language and Literature (Моngolian),Бакалавр,Өдрийн сургалт,95a485b3b976ad8389524ac2ac642520,"Монгол хэл, хэл шинжлэлийн тэнхим",2014
8fe0a6ce5d8a00d2ab4b5025f79fa232,"-         ",ШУС-ийн Нийгмийн ухааны салбарын ерөнхий суурь хөтөлбөр,"Division of Social Sciences, School of Arts and Sciences",Бакалавр,Өдрийн сургалт,b1af2663149af3c006f51b4236322378,Нийгмийн ухааны салбар,2014
71ef3f1844d4e8f272c6010667ef7263,"D 092301  ",Нийгмийн ажил,Social Work,Бакалавр,Өдрийн сургалт,38c5a92adb4a4b07652295dc93bdc35a,"Социологи, нийгмийн ажлын тэнхим",2014
57e9d9aab89d89a4cdbb042d7e488221,F 09230101,Нийгмийн ажил,Social Work,Доктор,Бэлтгэл,38c5a92adb4a4b07652295dc93bdc35a,"Социологи, нийгмийн ажлын тэнхим",2014
3a05014b37e692eb6cf92ef115ac42ce,F 09230101,Нийгмийн ажил,Social Work,Доктор,Өдрийн сургалт,38c5a92adb4a4b07652295dc93bdc35a,"Социологи, нийгмийн ажлын тэнхим",2014
442a78097f95d9a56a34acad091fab10,F 09230101,Нийгмийн ажил,Social Work,Доктор,Эчнээ,38c5a92adb4a4b07652295dc93bdc35a,"Социологи, нийгмийн ажлын тэнхим",2014
6f4d5c55dc7a7124cd0f4e6ed547ce9d,Е 09230101,Нийгмийн ажил,Social Work	,Магистр,Бэлтгэл,38c5a92adb4a4b07652295dc93bdc35a,"Социологи, нийгмийн ажлын тэнхим",2016
ec5a7a0f8f9f675f01f2394886f08bfb,E 09230101,Нийгмийн ажил,Social Work,Магистр,Өдрийн сургалт,38c5a92adb4a4b07652295dc93bdc35a,"Социологи, нийгмийн ажлын тэнхим",2014
b844fe3d653e0f8605b6b82c6d5dfd9c,E 09230101,Нийгмийн ажил,Social Work,Магистр,Өдрийн сургалт,38c5a92adb4a4b07652295dc93bdc35a,"Социологи, нийгмийн ажлын тэнхим",2014
015417d81a4e3b385b41ec3d484ee3a3,"D 031402  ",Социологи,Sociology,Бакалавр,Өдрийн сургалт,38c5a92adb4a4b07652295dc93bdc35a,"Социологи, нийгмийн ажлын тэнхим",2014
3078d9617f383a9f3de6bdd214fe57ff,F 03140201,Социологи," ",Доктор,Бэлтгэл,38c5a92adb4a4b07652295dc93bdc35a,"Социологи, нийгмийн ажлын тэнхим",2016
9bd7428c10d795e659bad8d29633e199,F 03140201,Социологи,Sociology,Доктор,Өдрийн сургалт,38c5a92adb4a4b07652295dc93bdc35a,"Социологи, нийгмийн ажлын тэнхим",2014
b0e49ddae4871ba77cd60f44ed357bba,F 03140201,Социологи,Sociology,Доктор,Экстернат,38c5a92adb4a4b07652295dc93bdc35a,"Социологи, нийгмийн ажлын тэнхим",2014
6a66a91b622452d6022de46b0a708600,F 03140201,Социологи,Sociology,Доктор,Эчнээ,38c5a92adb4a4b07652295dc93bdc35a,"Социологи, нийгмийн ажлын тэнхим",2014
530c04138364844bf552ff1990f0e49c,Е 03140201,Социологи,Sociology	,Магистр,Бэлтгэл,38c5a92adb4a4b07652295dc93bdc35a,"Социологи, нийгмийн ажлын тэнхим",2016
f3b62c233f593c317c37903d88cc1595,E 03140201,Социологи,Sociology,Магистр,Өдрийн сургалт,38c5a92adb4a4b07652295dc93bdc35a,"Социологи, нийгмийн ажлын тэнхим",2014
f1d1695bc8b457aa67a3d359619bda56,E 03140201,Социологи,Sociology,Магистр,Өдрийн сургалт,38c5a92adb4a4b07652295dc93bdc35a,"Социологи, нийгмийн ажлын тэнхим",2014
5a33bf7d0dfd471f15a9074ea3ccc9c6,"D 032101  ",Сэтгүүл зүй,Journalism,Бакалавр,Өдрийн сургалт,0ee1bd1e7d2a987e2478b26552edcaff,"Сэтгүүл зүй, олон нийтийн харилцааны тэнхим",2014
f775b62bde3cc0977d7c93e675cc70ea,F 03210101,Сэтгүүл зүй,Journalism,Доктор,Бэлтгэл,0ee1bd1e7d2a987e2478b26552edcaff,"Сэтгүүл зүй, олон нийтийн харилцааны тэнхим",2017
554209c4bc7468773495de206240b65d,F 03210101,Сэтгүүл зүй,Journalism,Доктор,Өдрийн сургалт,0ee1bd1e7d2a987e2478b26552edcaff,"Сэтгүүл зүй, олон нийтийн харилцааны тэнхим",2014
9dbe9ef06a197e80f5180a8a621706a9,F 03210101,Сэтгүүл зүй,Journalism,Доктор,Эчнээ,0ee1bd1e7d2a987e2478b26552edcaff,"Сэтгүүл зүй, олон нийтийн харилцааны тэнхим",2014
c522b5e05eeb37bcfeaec6531bed2ccb,Е 03210101,Сэтгүүл зүй,Journalism	,Магистр,Бэлтгэл,0ee1bd1e7d2a987e2478b26552edcaff,"Сэтгүүл зүй, олон нийтийн харилцааны тэнхим",2016
73461bf42eaaac81cf43a2b5cadb72f8,E 03210101,Сэтгүүл зүй,Journalism,Магистр,Өдрийн сургалт,0ee1bd1e7d2a987e2478b26552edcaff,"Сэтгүүл зүй, олон нийтийн харилцааны тэнхим",2014
ef8cbe29d87c73cbc559831e58224d45,E 03210101,Сэтгүүл зүй,Journalism,Магистр,Өдрийн сургалт,0ee1bd1e7d2a987e2478b26552edcaff,"Сэтгүүл зүй, олон нийтийн харилцааны тэнхим",2014
cf0e87b8fdf7a53fe8301de9f625c951,"D 011403  ","Багш, нийгмийн ухааны боловсрол (Түүх)",Teacher training-History,Бакалавр,Өдрийн сургалт,6d3285f34024abbe7ca1739fb9bd9597,Түүхийн тэнхим,2014
c906e79c94e46eb092b20c81d9aad356,"D 022201  ",Түүх,History,Бакалавр,Өдрийн сургалт,6d3285f34024abbe7ca1739fb9bd9597,Түүхийн тэнхим,2014
53ca1e4d2a6d766c9307d28755bfc240,F 02220101,Түүх,History,Доктор,Бэлтгэл,6d3285f34024abbe7ca1739fb9bd9597,Түүхийн тэнхим,2015
db1c6088deb0d8fef56e1b52dc4b0121,F 02220101,Түүх,History,Доктор,Өдрийн сургалт,6d3285f34024abbe7ca1739fb9bd9597,Түүхийн тэнхим,2014
d85217580819ab9bf31089f0697db030,F 02220101,Түүх,History,Доктор,Эчнээ,6d3285f34024abbe7ca1739fb9bd9597,Түүхийн тэнхим,2014
1c5ee923f55382be921a7e289ebc11a8,E 02220101,Түүх,History,Магистр,Бэлтгэл,6d3285f34024abbe7ca1739fb9bd9597,Түүхийн тэнхим,2015
a8bd9b3543a5d0ae5a87f40dc0801428,E 02220101,Түүх,History,Магистр,Өдрийн сургалт,6d3285f34024abbe7ca1739fb9bd9597,Түүхийн тэнхим,2014
6e8d97aecd1e860918df66c50f56ced0,E 03180101,Ажил мэргэжил судлал,Career Studies,Магистр,Өдрийн сургалт,d5b3e5cc7693f7b489f6b53bb54c143a,Улс төр судлалын тэнхим,2017
34e20bc913e9e5e3635538db79950fcf,E 03180101,Ажил мэргэжил судлал,Career Studies,Магистр,Өдрийн сургалт,d5b3e5cc7693f7b489f6b53bb54c143a,Улс төр судлалын тэнхим,2020
cb68b1d6796e39aa7a05010d7f351276,E 03180101,Ажил мэргэжил судлал /2+2/,Career Studies,Магистр,Өдрийн сургалт,d5b3e5cc7693f7b489f6b53bb54c143a,Улс төр судлалын тэнхим,2020
a8f191147de4d6ccf205c4548cb2910e,"D 031201  ",Улс төр судлал,Political Sciences,Бакалавр,Өдрийн сургалт,d5b3e5cc7693f7b489f6b53bb54c143a,Улс төр судлалын тэнхим,2014
bc8e4e8f313e16063354c977debbaf1e,"D 031201  ",Улс төр судлал,Political Sciences,Бакалавр,Эчнээ,d5b3e5cc7693f7b489f6b53bb54c143a,Улс төр судлалын тэнхим,2014
bff382206d1cfb1d3a89ac98a1d616e7,"          ",Улс төр судлал,"   ",Доктор,Бэлтгэл,d5b3e5cc7693f7b489f6b53bb54c143a,Улс төр судлалын тэнхим,2017
15bc505dfc7a9c03905490737cbe57b9,F 03120101,Улс төр судлал,Political Sciences,Доктор,Өдрийн сургалт,d5b3e5cc7693f7b489f6b53bb54c143a,Улс төр судлалын тэнхим,2014
1ce60784100afa6697152904e95fa521,F 03120101,Улс төр судлал,Political Sciences,Доктор,Эчнээ,d5b3e5cc7693f7b489f6b53bb54c143a,Улс төр судлалын тэнхим,2014
5992b066852128553e3d9a724d555a61,Е 03120101,Улс төр судлал,Political Sciences,Магистр,Бэлтгэл,d5b3e5cc7693f7b489f6b53bb54c143a,Улс төр судлалын тэнхим,2016
7a7fb3f6067c2b60586fe69f9cbec548,E 03120101,Улс төр судлал,Political Sciences,Магистр,Өдрийн сургалт,d5b3e5cc7693f7b489f6b53bb54c143a,Улс төр судлалын тэнхим,2014
adcee84fc5f883a84659fe91b84cbccf,E 03120101,Улс төр судлал,Political Sciences,Магистр,Өдрийн сургалт,d5b3e5cc7693f7b489f6b53bb54c143a,Улс төр судлалын тэнхим,2014
a7333a75e14fa0f751d0760aa95c93dc,"D 021801  ",Урлаг судлал,Art studies,Бакалавр,Өдрийн сургалт,0e10ba29341d908485540648bf8a67c9,"Утга зохиол, урлаг судлалын тэнхим",2014
7335320106aa621250f9fdcf72037da4,F 02180101,Урлаг судлал,Art studies	 	 	 	,Доктор,Бэлтгэл,0e10ba29341d908485540648bf8a67c9,"Утга зохиол, урлаг судлалын тэнхим",2014
e3c5621f91eaea820aee09495dd79f2a,F 02180101,Урлаг судлал,Art studies,Доктор,Өдрийн сургалт,0e10ba29341d908485540648bf8a67c9,"Утга зохиол, урлаг судлалын тэнхим",2014
7616470b175650cf9724168e60a94fca,F 02180101,Урлаг судлал,Art studies,Доктор,Эчнээ,0e10ba29341d908485540648bf8a67c9,"Утга зохиол, урлаг судлалын тэнхим",2014
372cc0aaf0c4587dfbb37219f5e227ce,E 02180101,Урлаг судлал,Art studies,Магистр,Бэлтгэл,0e10ba29341d908485540648bf8a67c9,"Утга зохиол, урлаг судлалын тэнхим",2014
eb6aa3deceb35c4e3bc26ec295b13744,E 02180101,Урлаг судлал,Art studies,Магистр,Өдрийн сургалт,0e10ba29341d908485540648bf8a67c9,"Утга зохиол, урлаг судлалын тэнхим",2015
1ab4049c658bf12997a2f40fac6a8982,"D 023203  ",Утга зохиол судлал,Literature studies,Бакалавр,Өдрийн сургалт,0e10ba29341d908485540648bf8a67c9,"Утга зохиол, урлаг судлалын тэнхим",2014
f3ae8015838bd7534efa5e0697a3ccda,F 02320301,Утга зохиол судлал,Literature studies,Доктор,Бэлтгэл,0e10ba29341d908485540648bf8a67c9,"Утга зохиол, урлаг судлалын тэнхим",2014
be172af16faf57abf98c5c65d2977f02,F 02320301,Утга зохиол судлал,Literature studies,Доктор,Өдрийн сургалт,0e10ba29341d908485540648bf8a67c9,"Утга зохиол, урлаг судлалын тэнхим",2014
2ee210adc9177134321b33db6c99c307,F 02320301,Утга зохиол судлал,Literature studies,Доктор,Эчнээ,0e10ba29341d908485540648bf8a67c9,"Утга зохиол, урлаг судлалын тэнхим",2014
522d334cbed72c8df2b2c7ffd18acce7,Е 02320301,Утга зохиол судлал,Literature studies	,Магистр,Бэлтгэл,0e10ba29341d908485540648bf8a67c9,"Утга зохиол, урлаг судлалын тэнхим",2016
19f38c4f7afacb7553c7524192234ea8,E 02320301,Утга зохиол судлал,Literature studies,Магистр,Өдрийн сургалт,0e10ba29341d908485540648bf8a67c9,"Утга зохиол, урлаг судлалын тэнхим",2014
6093e83ccae02879edb072dcfd12caa6,E 02320301,Утга зохиол судлал,Literature studies,Магистр,Өдрийн сургалт,0e10ba29341d908485540648bf8a67c9,"Утга зохиол, урлаг судлалын тэнхим",2014
32f00bcb50461dfc494e07acf0970533,F 02320101,"Хэл, уран зохиол",Language and literature,Доктор,Эчнээ,0e10ba29341d908485540648bf8a67c9,"Утга зохиол, урлаг судлалын тэнхим",2014
58c0db7fae5ff42169be2bd176b9458e,"D 011402  ","Багш, байгалийн ухааны боловсрол (Физик)","Teacher training - Physics ",Бакалавр,Өдрийн сургалт,231d3689c9afe209d3da20c48209489f,Физикийн тэнхим,2014
aff10195917c995e0e2e58ac4b756ea5,E 05880101,Сансар судлал,Space Technology,Магистр,Өдрийн сургалт,231d3689c9afe209d3da20c48209489f,Физикийн тэнхим,2014
f7c3d54ab3e5193ea5a3b3dd308bfbe0,"D 053301  ",Физик,Physics,Бакалавр,Өдрийн сургалт,231d3689c9afe209d3da20c48209489f,Физикийн тэнхим,2014
5739b69ddf5a8dce87ab89bebd857181,F 05330101,Физик,Physics,Доктор,Өдрийн сургалт,231d3689c9afe209d3da20c48209489f,Физикийн тэнхим,2014
3ecaa7e6d38cc1aa17187c4de8236b05,F 05330101,Физик,Physics,Доктор,Экстернат,231d3689c9afe209d3da20c48209489f,Физикийн тэнхим,2014
63340b201150455569bb341745c230b4,F 05330101,Физик,Physics,Доктор,Эчнээ,231d3689c9afe209d3da20c48209489f,Физикийн тэнхим,2014
2e159fc6a03e55a6fce2ecdf63498834,E 05330101,Физик,Physics,Магистр,Бэлтгэл,231d3689c9afe209d3da20c48209489f,Физикийн тэнхим,2014
d47559c8f7e12a8825e594726a3a223d,E 05330101,Физик,Physics,Магистр,Өдрийн сургалт,231d3689c9afe209d3da20c48209489f,Физикийн тэнхим,2014
6e90db2846a51b298dbc6c1b2306ec6b,E 01140203,Физикийн боловсрол,"Physics Education   ",Магистр,Бэлтгэл,231d3689c9afe209d3da20c48209489f,Физикийн тэнхим,2016
d873ab186e4644393cdeedf7ea91d329,E 01140203,Физикийн боловсрол,"Physics education   ",Магистр,Өдрийн сургалт,231d3689c9afe209d3da20c48209489f,Физикийн тэнхим,2014
41b4153c0134b5a64d85f346817d2991,E 01140203,Физикийн боловсрол,"Physics education   ",Магистр,Өдрийн сургалт,231d3689c9afe209d3da20c48209489f,Физикийн тэнхим,2014
c0f270ae91c90d02c7386c75524e8f24,F 02230102,Буддын гүн ухаан,Buddhist philosophy,Доктор,Бэлтгэл,3c2b831a627bcaa67fd44c00732b576d,"Философи, шашин судлалын тэнхим",2014
dcf78f7b8c79a17fb6045c664b2f5aad,F 02230102,Буддын гүн ухаан,Buddhist philosophy,Доктор,Өдрийн сургалт,3c2b831a627bcaa67fd44c00732b576d,"Философи, шашин судлалын тэнхим",2014
9d3e18e30cdd960fc57791b492a26e47,F 02230102,Буддын гүн ухаан,Buddhist philosophy,Доктор,Эчнээ,3c2b831a627bcaa67fd44c00732b576d,"Философи, шашин судлалын тэнхим",2015
e6e432dbb3d97f3184b8bcf3dff17f75,E 02230102,Буддын гүн ухаан,Buddhist Philosophy	,Магистр,Бэлтгэл,3c2b831a627bcaa67fd44c00732b576d,"Философи, шашин судлалын тэнхим",2014
8f9c751a279ec570bb0954869efd47af,E 02230102,Буддын гүн ухаан,Buddhist philosophy,Магистр,Өдрийн сургалт,3c2b831a627bcaa67fd44c00732b576d,"Философи, шашин судлалын тэнхим",2014
d1c84167360487b08f6ce415b594a438,"D 022301  ",Философи,Philosophy,Бакалавр,Өдрийн сургалт,3c2b831a627bcaa67fd44c00732b576d,"Философи, шашин судлалын тэнхим",2014
dfd93d93cacdb5732b9323b334e7bdc8,F 02230101,Философи,"Philosophy ",Доктор,Бэлтгэл,3c2b831a627bcaa67fd44c00732b576d,"Философи, шашин судлалын тэнхим",2014
1c74910d350f58f83f225e682422e32b,F 02230101,Философи,Philosophy,Доктор,Өдрийн сургалт,3c2b831a627bcaa67fd44c00732b576d,"Философи, шашин судлалын тэнхим",2014
cc567ecbad130b141788bd72c289053c,F 02230101,Философи,Philosophy,Доктор,Эчнээ,3c2b831a627bcaa67fd44c00732b576d,"Философи, шашин судлалын тэнхим",2014
b1cb47ed492dfcfbb13ab9f0b0903aa0,Е 02230101,Философи,Philosophy	,Магистр,Бэлтгэл,3c2b831a627bcaa67fd44c00732b576d,"Философи, шашин судлалын тэнхим",2016
9fb680fce54447a26c5fcbb4a0be6982,E 02230101,Философи,Philosophy,Магистр,Өдрийн сургалт,3c2b831a627bcaa67fd44c00732b576d,"Философи, шашин судлалын тэнхим",2014
4b13531353fe8d29a830010ff288e179,E 02230101,Философи,Philosophy,Магистр,Өдрийн сургалт,3c2b831a627bcaa67fd44c00732b576d,"Философи, шашин судлалын тэнхим",2014
566095f3cb92b1482e4895b13d5c2fc7,"D 022101  ",Шашин судлал,Religious studies,Бакалавр,Өдрийн сургалт,3c2b831a627bcaa67fd44c00732b576d,"Философи, шашин судлалын тэнхим",2014
1858bfa8489d1171aef0f433bb391e24,F 02210101,Шашин судлал,Religious Studies,Доктор,Бэлтгэл,3c2b831a627bcaa67fd44c00732b576d,"Философи, шашин судлалын тэнхим",2014
b74b71e95de0f6db2ae1df87ee691fd1,F 02210101,Шашин судлал,Religious studies,Доктор,Өдрийн сургалт,3c2b831a627bcaa67fd44c00732b576d,"Философи, шашин судлалын тэнхим",2014
44c39bb3ced82018bd2ffe9cbbc766a3,F 02210101,Шашин судлал,Religious studies,Доктор,Эчнээ,3c2b831a627bcaa67fd44c00732b576d,"Философи, шашин судлалын тэнхим",2014
0d34fb3d843a12bee7862145ae68caee,E 02210101,Шашин судлал,Religious Studies,Магистр,Бэлтгэл,3c2b831a627bcaa67fd44c00732b576d,"Философи, шашин судлалын тэнхим",2014
7c8fd3a8579538f286e75c2211b30c8b,E 02210101,Шашин судлал,Religious studies,Магистр,Өдрийн сургалт,3c2b831a627bcaa67fd44c00732b576d,"Философи, шашин судлалын тэнхим",2014
9e7fe4d343b7574d602f2c9c1b6cd1a5,E 02210101,Шашин судлал,Religious studies,Магистр,Өдрийн сургалт,3c2b831a627bcaa67fd44c00732b576d,"Философи, шашин судлалын тэнхим",2014
262a30d396b918f33f273bcbf318b56a,"D 011402  ","Багш, байгалийн ухааны боловсрол (Хими)",Teacher training - Chemistry,Бакалавр,Өдрийн сургалт,cd050d82148072943389ff6fb06390a6,Химийн тэнхим,2014
e652e9904d28d29265de138c53a73b42,"D 053101  ",Хими,Chemistry,Бакалавр,Өдрийн сургалт,cd050d82148072943389ff6fb06390a6,Химийн тэнхим,2014
1793b0f9c14e65ca952ab232594b2699,F 05310101,Хими,Chemistry,Доктор,Өдрийн сургалт,cd050d82148072943389ff6fb06390a6,Химийн тэнхим,2014
667c210cc6734e3c040e2a2e5f4e9451,F 05310101,Хими,Chemistry,Доктор,Экстернат,cd050d82148072943389ff6fb06390a6,Химийн тэнхим,2014
0d4d176c91dd509c8e028067de3ec4af,F 05310101,Хими,Chemistry,Доктор,Эчнээ,cd050d82148072943389ff6fb06390a6,Химийн тэнхим,2014
9a5bddea0f230ba58e101b5cc0e6727c,Е 05310101,Хими," ",Магистр,Бэлтгэл,cd050d82148072943389ff6fb06390a6,Химийн тэнхим,2016
ed845cf19966135527789f91f9a69143,E 05310101,Хими,Chemistry,Магистр,Өдрийн сургалт,cd050d82148072943389ff6fb06390a6,Химийн тэнхим,2014
c59f6cfe254c576eb96da97018a062d3,E 01140201,Химийн боловсрол,"  ",Магистр,Бэлтгэл,cd050d82148072943389ff6fb06390a6,Химийн тэнхим,2014
3b9c7f9ee92a303b0499212e29b6343f,E 01140201,Химийн боловсрол,Chemistry education,Магистр,Өдрийн сургалт,cd050d82148072943389ff6fb06390a6,Химийн тэнхим,2014
d69061d116cdb39a0faa839ced0af80e,E 01140201,Химийн боловсрол,Chemistry education,Магистр,Өдрийн сургалт,cd050d82148072943389ff6fb06390a6,Химийн тэнхим,2014
2c9a8194a23f86fdca8a07fd0caa7d9f,"-         ",ШУС-ийн Хүмүүнлэгийн ухааны салбарын ерөнхий суурь хөтөлбөр,"Humanity Division, School of Arts and Sciences",Бакалавр,Өдрийн сургалт,d1fc365da09f2b4243224b261da8bcb8,Хүмүүнлэгийн ухааны салбар,2014
90ed53c253cc992d045285cf89641c0c,F 03110201,Хүн ам зүй,Demography,Доктор,Өдрийн сургалт,9ed9b4e48ec006fb6b7603d0179eb553,Эдийн засгийн тэнхим,2017
b5aac481ddab893ee42595dc09ee7a34,"E03110201 ",Хүн ам зүй,Demography,Магистр,Өдрийн сургалт,9ed9b4e48ec006fb6b7603d0179eb553,Эдийн засгийн тэнхим,2017
e72e0ef3081dc1bcdfe6c94ed2beb371,"D 031101  ",Эдийн засаг,Economics,Бакалавр,Өдрийн сургалт,9ed9b4e48ec006fb6b7603d0179eb553,Эдийн засгийн тэнхим,2014
414e04872df1228a4aac6e0b7b287da8,F 03110101,Эдийн засаг,Economics,Доктор,Өдрийн сургалт,9ed9b4e48ec006fb6b7603d0179eb553,Эдийн засгийн тэнхим,2014
84533bf524da8e1bc71b0608a39591d2,F 03110101,Эдийн засаг,Economics,Доктор,Эчнээ,9ed9b4e48ec006fb6b7603d0179eb553,Эдийн засгийн тэнхим,2014
346fd224fd3c5988bdb1b26cd311f1b9,E 03110101,Эдийн засаг,Economics,Магистр,Бэлтгэл,9ed9b4e48ec006fb6b7603d0179eb553,Эдийн засгийн тэнхим,2014
67f339b54d00f166c6d43f9cab30b97e,E 03110101,Эдийн засаг,Economics,Магистр,Өдрийн сургалт,9ed9b4e48ec006fb6b7603d0179eb553,Эдийн засгийн тэнхим,2014
19ebb1e766909f44cc305644df5f2de5,E 03110101,Эдийн засаг,Economics,Магистр,Өдрийн сургалт,9ed9b4e48ec006fb6b7603d0179eb553,Эдийн засгийн тэнхим,2014
ed58f040f8f21ba8bbe4b8b122de421f,"D011409   ","Багш, гадаад хэлний боловсрол /англи хэл/",Teacher Training - English,Бакалавр,Оройгоор,f33bff64b2e8f687b884a711a75de0a0,Англи-Монгол хэлний тэнхим,2016
5a4106dd0e3116faecd542ed8935ab7b,"D011409   ","Багш, гадаад хэлний боловсрол/англи хэл/",Teacher Training - English,Бакалавр,Өдрийн сургалт,f33bff64b2e8f687b884a711a75de0a0,Англи-Монгол хэлний тэнхим,2015
7a64e611504e7f90de6c178c1b05b91a,"D011409   ","Багш, гадаад хэлний боловсрол/орос хэл/"," Teacher Training-Russian",Бакалавр,Өдрийн сургалт,f33bff64b2e8f687b884a711a75de0a0,Англи-Монгол хэлний тэнхим,2015
6da76f0480974fc0c9dbab9a2f9ab08f,"D011407   ","Багш, монгол хэл уран зохиолын боловсрол",Teacher Training-Mongolian Language and Literature,Бакалавр,Өдрийн сургалт,f33bff64b2e8f687b884a711a75de0a0,Англи-Монгол хэлний тэнхим,2016
53f048baa11a7a72ddb6c6abf7aeaed5,"E01110101 ",Боловсрол судлал,Educational Science,Магистр,Өдрийн сургалт,f33bff64b2e8f687b884a711a75de0a0,Англи-Монгол хэлний тэнхим,2015
b71a8577d56371f49b0fa75b4ac4f6f0,"E01110101 ",Боловсрол судлал,Educational Science/Research-Based/,Магистр,Өдрийн сургалт,f33bff64b2e8f687b884a711a75de0a0,Англи-Монгол хэлний тэнхим,2015
dfb13e62eafc88813a0fe7aa3f2e1d77,E 01110101,Боловсрол судлал,sajhsd,Магистр,Өдрийн сургалт,f33bff64b2e8f687b884a711a75de0a0,Англи-Монгол хэлний тэнхим,2015
9586ac4e9e185b56f97602b388c32ace,E 01110101,"Боловсрол судлал/судалгааны, мэргэжлийн/"," ",Магистр,Бэлтгэл,f33bff64b2e8f687b884a711a75de0a0,Англи-Монгол хэлний тэнхим,2015
dec730596c652a4af6b7673ac010eda6,E 01140901,Гадаад хэлний боловсрол,dehnjdsfhs,Магистр,Өдрийн сургалт,f33bff64b2e8f687b884a711a75de0a0,Англи-Монгол хэлний тэнхим,2015
26153642a3329a7c3e72d0b5622b853d,E 01140901,"Гадаад хэлний боловсрол/судалгааны, мэргэжлийн/"," ",Магистр,Бэлтгэл,f33bff64b2e8f687b884a711a75de0a0,Англи-Монгол хэлний тэнхим,2015
3194d6d8af2e714b6e973feb07326b07,"E04130201 ",Бизнесийн Менежмент/судалгааны/,Business Management,Магистр,Өдрийн сургалт,3995649a4e9b479920d77f893300976b,Бизнесийн ухааны тэнхим,2018
f78d760dbc8ad21ee3f1bb81fe035d1e,D041401,Маркетинг,Marketing,Бакалавр,Өдрийн сургалт,3995649a4e9b479920d77f893300976b,Бизнесийн ухааны тэнхим,2015
ad3a62ec3dffb75459508a3bc5f71eb7,D041302,Менежмент,Management,Бакалавр,Өдрийн сургалт,3995649a4e9b479920d77f893300976b,Бизнесийн ухааны тэнхим,2015
11dd724b5d3def2106659d1f8195666c,"E04130202 ",Хүний нөөцийн менежмент,Human Resource Management,Магистр,Өдрийн сургалт,3995649a4e9b479920d77f893300976b,Бизнесийн ухааны тэнхим,2018
2f3c0d2882db07dd0b8ed9c84f2e00fd,"D023101   ",Гадаад хэлний орчуулга/хятад хэл/,Translation (Chinese Language),Бакалавр,Өдрийн сургалт,7c1bbedbba1cced9d696b99e643f4771,Гадаад хэлний тэнхим,2015
d8da89b7ab37bd4d4bbaa5d7aa3e2abb,"D 082101  ",Ойн аж ахуй (Эрдэнэт сургууль болон ХШУИС-ийн дотоодын хамтарсан хөтөлбөр),Forestry,Бакалавр,Өдрийн сургалт,7c1bbedbba1cced9d696b99e643f4771,Гадаад хэлний тэнхим,2017
0f8293f4f5d1785d442f59c57ca0145b,"D 031202  ","Олон улсын харилцаа/ОУХНУС болон Эрдэнэт сургуулийн ""2+2 "" жилийн хамтарсан хөтөлбөр",International Relations 2+2,Бакалавр,Өдрийн сургалт,7c1bbedbba1cced9d696b99e643f4771,Гадаад хэлний тэнхим,2018
59db88697d0f1eac8ef6e50cce0f4a4f,"D 052102  ",Хүрээлэн буй орчин судлал (Эрдэнэт сургууль болон ХШУИС-ийн дотоодын хамтарсан хөтөлбөр),Environmental science,Бакалавр,Өдрийн сургалт,7c1bbedbba1cced9d696b99e643f4771,Гадаад хэлний тэнхим,2017
7dece557a6cde3ba0ad9c478330649ec,"D031301   ","Сэтгэл судлал /Эрдэнэт сургууль болон ШУС-ийн ""2+2"" жилийн хамтарсан хөтөлбөр/",Psychology,Бакалавр,Өдрийн сургалт,726537a743e777385ab8b8f821aca804,Захиргаа,2014
386255bba62b7477a52cd59a533f8b6b,"D031202   ","Төрийн удирдлага /Эрдэнэт сургууль болон ОУХНУС-ийн ""2+2"" жилийн хамтарсан хөтөлбөр/",International relations,Бакалавр,Өдрийн сургалт,726537a743e777385ab8b8f821aca804,Захиргаа,2014
83db4ff43f12e8154de5c677e92eb178,"E04110101 ",Бизнесийн удирдлага/бэлтгэл/,dsdskjk,Магистр,Бэлтгэл,a72cff91dea65c83c3c89e47dc086d9c,Нягтлан бодох бүртгэлийн тэнхим,2015
65aee5337763023ada2983362b7470dc,"D041101   ",Нягтлан бодох бүртгэл,Accounting,Бакалавр,Өдрийн сургалт,a72cff91dea65c83c3c89e47dc086d9c,Нягтлан бодох бүртгэлийн тэнхим,2015
a61c11b4287c78564f407ad8fe6ddd37,"E04110101 ",Нягтлан бодох бүртгэл,Accounting,Магистр,Өдрийн сургалт,a72cff91dea65c83c3c89e47dc086d9c,Нягтлан бодох бүртгэлийн тэнхим,2015
d71940019c3ec6e9c5c463743df4100f,E 04110101,Нягтлан бодох бүртгэл,fjdhfj,Магистр,Өдрийн сургалт,a72cff91dea65c83c3c89e47dc086d9c,Нягтлан бодох бүртгэлийн тэнхим,2015
d42c51e466e61d59c94e3b6f9d79009c,"E04120101 ",Банк,Banking,Магистр,Өдрийн сургалт,cff4b9e24596d0eb7c63dc8056d0abc7,"Санхүү, эдийн засгийн тэнхим",2015
0aaa94a5fc90acd18ffd2c2c38b648f9,"E04120101 ",Банк,Banking,Магистр,Өдрийн сургалт,cff4b9e24596d0eb7c63dc8056d0abc7,"Санхүү, эдийн засгийн тэнхим",2015
8ea5742bd5322a0bf65fc8b84d05c6f9,D041202,Даатгал,Insurance,Бакалавр,Өдрийн сургалт,cff4b9e24596d0eb7c63dc8056d0abc7,"Санхүү, эдийн засгийн тэнхим",2015
b3162e44082ddfb7d9404041eee5405f,"E04120203 ",Даатгал/,dsdsk,Магистр,Өдрийн сургалт,cff4b9e24596d0eb7c63dc8056d0abc7,"Санхүү, эдийн засгийн тэнхим",2018
4f4410aa1c26649f722244913e7390eb,"E04120203 ",Даатгал/,fkdjdksj,Магистр,Өдрийн сургалт,cff4b9e24596d0eb7c63dc8056d0abc7,"Санхүү, эдийн засгийн тэнхим",2018
2f6d41c865b1483cbd5cbc6732937623,"D041201   ",Санхүү,Finance,Бакалавр,Өдрийн сургалт,cff4b9e24596d0eb7c63dc8056d0abc7,"Санхүү, эдийн засгийн тэнхим",2018
9c1457fa1e24f12e59917f9d33bbb832,"E04120101 ",Санхүү,Finance,Магистр,Өдрийн сургалт,cff4b9e24596d0eb7c63dc8056d0abc7,"Санхүү, эдийн засгийн тэнхим",2018
03157ab8946b72f880949188143a219d,"E04120101 ",Санхүү,Finance,Магистр,Өдрийн сургалт,cff4b9e24596d0eb7c63dc8056d0abc7,"Санхүү, эдийн засгийн тэнхим",2018
86ae00529fc9bfb491d8857402c61999,E 04120101,"Санхүү, банк, даатгал","Finance, Banking, Insurance",Магистр,Өдрийн сургалт,cff4b9e24596d0eb7c63dc8056d0abc7,"Санхүү, эдийн засгийн тэнхим",2015
2396d7439e737ce8d1c6e53fd3996201,E 04120101,"Санхүү, банк, даатгал",fddfhjds,Магистр,Өдрийн сургалт,cff4b9e24596d0eb7c63dc8056d0abc7,"Санхүү, эдийн засгийн тэнхим",2015
2f57e1ddba33f07e70c480db3da5151c,E 04120101,"Санхүү, банк, даатгал",fddfhjds,Магистр,Өдрийн сургалт,cff4b9e24596d0eb7c63dc8056d0abc7,"Санхүү, эдийн засгийн тэнхим",2015
6df4b3accce6b3afa0ad84ec98d51feb,E 04120101,"Санхүү, банк, даатгал/судалгааны, мэргэжлийн/"," ",Магистр,Бэлтгэл,cff4b9e24596d0eb7c63dc8056d0abc7,"Санхүү, эдийн засгийн тэнхим",2015
