Өрөөний_хувийн_дугаар,Хичээлийн_байр,Өрөөний_дугаар,Харьяалах_сургуулийн_нэр,Өрөөний_зориулалт,Талбайн_хэмжээ,Хичээлийн_хуваарь_тавих_боломж,Суудлын_тоо,Проектортой_эсэх
83843faf2cb1d7a07d5f8e10ca4f04dc,Хичээлийн байр 4,107 б,Биеийн тамирын тэнхим,"Биеийн тамирын өрөө, зал ",37.00,Харъяа сургуульд,20,Проекторгүй
01d933b44332b92328b63e93389013cd,Хичээлийн байр 4,108,Биеийн тамирын тэнхим,Хичээлийн танхим,56.00,Харъяа сургуульд,30,Проекторгүй
1f354bd298d591ca68d1dcab01bdce1f,Хичээлийн байр 4,800,Биеийн тамирын тэнхим,"Биеийн тамирын өрөө, зал ",930.00,Харъяа сургуульд,50,Проекторгүй
8e1afd7d326014039944f4bb4f993ec2,Хичээлийн байр 4,100,Бизнесийн сургууль,Албан ажлын өрөө,40.00,Хуваарь тавих боломжгүй,0,Проекторгүй
0f99ef7ea4109ff6f39fc3bfa9dccdee,Хичээлийн байр 4,101,Бизнесийн сургууль,Анги,123.00,МУИС-н хэмжээнд,300,Проекторгүй
01e0aed8eaf70043f12701e5fdfda3d9,Хичээлийн байр 4,101 а,Бизнесийн сургууль,Агуулах,12.00,Хуваарь тавих боломжгүй,0,Проекторгүй
bc8a94522621465b36f1770d8295624f,Хичээлийн байр 4,102,Бизнесийн сургууль,Агуулах,11.00,Хуваарь тавих боломжгүй,2,Проекторгүй
4d398a7535601838737dbb67a9c45f7d,Хичээлийн байр 4,103,Бизнесийн сургууль,Агуулах,10.00,Хуваарь тавих боломжгүй,2,Проекторгүй
a2064d26657e612fe1b256b62da8b193,Хичээлийн байр 4,104,Бизнесийн сургууль,Агуулах,8.00,Хуваарь тавих боломжгүй,2,Проекторгүй
bcf3ff9563dc3c5bd63b33bd87372b55,Хичээлийн байр 4,105,Бизнесийн сургууль,Багш нарын өрөө,15.00,Хуваарь тавих боломжгүй,2,Проекторгүй
6f365f3a4060211778a6dea6a5ebb5e2,Хичээлийн байр 4,106,Бизнесийн сургууль,Багш нарын өрөө,11.00,Хуваарь тавих боломжгүй,3,Проекторгүй
356a33eae2d61cef339d4d5cf053a4e2,Хичээлийн байр 4,107 a,Бизнесийн сургууль,Албан ажлын өрөө,17.00,Хуваарь тавих боломжгүй,2,Проекторгүй
52d958a2c7add99580ef2abce9d0e5f4,Хичээлийн байр 4,109,Бизнесийн сургууль,Анги,49.00,МУИС-н хэмжээнд,36,Проектортой
d7903073e034c9bd0fcff04d71a084fe,Хичээлийн байр 4,110,Бизнесийн сургууль,Багш нарын өрөө,18.00,Хуваарь тавих боломжгүй,3,Проекторгүй
ca030c300a09c6b10f8ac62c9d11063c,Хичээлийн байр 4,111,Бизнесийн сургууль,Багш нарын өрөө,19.00,Хуваарь тавих боломжгүй,2,Проекторгүй
746213b808bb2bb46d412d3e5c69b87b,Хичээлийн байр 4,112,Бизнесийн сургууль,Анги,49.00,Харъяа сургуульд,36,Проектортой
8b4a2c530b6977717888fb45e3d31e6a,Хичээлийн байр 4,115,Бизнесийн сургууль,Албан ажлын өрөө,18.00,Хуваарь тавих боломжгүй,1,Проекторгүй
0cfe64e0018074d9c6f144a2f9faa8c4,Хичээлийн байр 4,116,Бизнесийн сургууль,Багш нарын өрөө,18.00,Хуваарь тавих боломжгүй,3,Проекторгүй
d9eb20e27dfdc4c1aea0651f6951fe32,Хичээлийн байр 4,117,Бизнесийн сургууль,Багш нарын өрөө,19.00,Хуваарь тавих боломжгүй,4,Проекторгүй
6c18b8785f246448a800ec14339304d1,Хичээлийн байр 4,118,Бизнесийн сургууль,Анги,53.00,Харъяа сургуульд,40,Проектортой
88ad997924ca41ff2841fca776e39052,Хичээлийн байр 4,119,Бизнесийн сургууль,Анги,55.00,МУИС-н хэмжээнд,50,Проектортой
1b459f9d8f59986e015511a436300848,Хичээлийн байр 4,120,Бизнесийн сургууль,Албан ажлын өрөө,11.00,Хуваарь тавих боломжгүй,5,Проекторгүй
773402e9e409bafb607de4036d655e7b,Хичээлийн байр 4,121,Бизнесийн сургууль,Албан ажлын өрөө,10.00,Хуваарь тавих боломжгүй,2,Проекторгүй
0e812e18e979a922da5746fe4b9e04f6,Хичээлийн байр 4,122,Бизнесийн сургууль,Анги,56.00,МУИС-н хэмжээнд,58,Проектортой
82ee3188ee155c70d644baf572b8d2d7,Хичээлийн байр 4,200,Бизнесийн сургууль,Багш нарын өрөө,11.00,Хуваарь тавих боломжгүй,1,Проекторгүй
9c21ff10c731097175ee48c04362a700,Хичээлийн байр 4,201,Бизнесийн сургууль,Албан ажлын өрөө,18.00,Хуваарь тавих боломжгүй,1,Проекторгүй
9cbe439edb5ad2ec7e232967b8987f69,Хичээлийн байр 4,201 а,Бизнесийн сургууль,Албан ажлын өрөө,38.00,Хуваарь тавих боломжгүй,1,Проекторгүй
ec686f19b81d3e8a58f1ba76048f69e2,Хичээлийн байр 4,202,Бизнесийн сургууль,Албан ажлын өрөө,15.00,Хуваарь тавих боломжгүй,3,Проекторгүй
aea31be0416d57fe18ce5bab147f6a17,Хичээлийн байр 4,203,Бизнесийн сургууль,Багш нарын өрөө,49.00,Хуваарь тавих боломжгүй,4,Проекторгүй
2e75ad3c1474a5d1e5542261de4c6045,Хичээлийн байр 4,204,Бизнесийн сургууль,Анги,57.00,МУИС-н хэмжээнд,33,Проектортой
071846efd7536378dd0deb3ddd01e10a,Хичээлийн байр 4,205,Бизнесийн сургууль,Анги,59.00,МУИС-н хэмжээнд,40,Проектортой
a331c85b19287a9747517265b9e7c88b,Хичээлийн байр 4,206,Бизнесийн сургууль,Анги,69.00,Харъяа сургуульд,60,Проектортой
b12c7a095141adb8a1f4e3113aa6bac3,Хичээлийн байр 4,208,Бизнесийн сургууль,Анги,28.00,МУИС-н хэмжээнд,25,Проектортой
5b7b4bb8653e01adcafa37e6854adc9c,Хичээлийн байр 4,209 a,Бизнесийн сургууль,Багш нарын өрөө,21.00,Хуваарь тавих боломжгүй,2,Проекторгүй
dc4dd23039a2c552e1d6513913d9c2d6,Хичээлийн байр 4,209 б,Бизнесийн сургууль,Багш нарын өрөө,37.00,Хуваарь тавих боломжгүй,4,Проекторгүй
427d74d9ead82a435f0bcedce71605bc,Хичээлийн байр 4,210a,Бизнесийн сургууль,Багш нарын өрөө,36.00,Хуваарь тавих боломжгүй,2,Проектортой
938b988d5c248316ef85c16e30445b37,Хичээлийн байр 4,210б,Бизнесийн сургууль,Анги,18.00,Харъяа сургуульд,18,Проектортой
64ee1c23b76fc078baf22793e454e903,Хичээлийн байр 4,211,Бизнесийн сургууль,Анги,57.00,Харъяа сургуульд,40,Проектортой
74a83995cf218b3a5f11bc25367e5f65,Хичээлийн байр 4,212,Бизнесийн сургууль,Багш нарын өрөө,11.00,Хуваарь тавих боломжгүй,1,Проекторгүй
b38bee27ff8be9cd8dedfde07a0ebecf,Хичээлийн байр 4,213,Бизнесийн сургууль,Багш нарын өрөө,10.00,Хуваарь тавих боломжгүй,1,Проекторгүй
7286174274fa0019e4466d7f1be3067f,Хичээлийн байр 4,214,Бизнесийн сургууль,Багш нарын өрөө,57.00,Хуваарь тавих боломжгүй,13,Проекторгүй
b8a28f14b96c0e4b07f9a05294efc29b,Хичээлийн байр 4,214 а,Бизнесийн сургууль,Цайны газар,13.00,Хуваарь тавих боломжгүй,0,Проекторгүй
3fd575e7dad6dc9b1cf288c650e91a6f,Хичээлийн байр 4,216 а,Бизнесийн сургууль,Албан ажлын өрөө,26.00,Хуваарь тавих боломжгүй,4,Проекторгүй
454d256c72bb22412f1ad73e17d5ab62,Хичээлийн байр 4,216б,Бизнесийн сургууль,Анги,58.00,Харъяа сургуульд,40,Проектортой
456cdc85df541d3167385f138ae7f6fc,Хичээлийн байр 4,219,Бизнесийн сургууль,Албан ажлын өрөө,32.00,Хуваарь тавих боломжгүй,2,Проекторгүй
dbbe8988be69d7dacdb62d7fa9e28bd5,Хичээлийн байр 4,220,Бизнесийн сургууль,Анги,25.00,Харъяа сургуульд,10,Проектортой
ca3b550700ca54d6c696a41c9980e509,Хичээлийн байр 4,221,Бизнесийн сургууль,Лекцийн заал,222.00,МУИС-н хэмжээнд,130,Проектортой
68bdff2dd89cf6065c1a4ded814735fe,Хичээлийн байр 4,300,Бизнесийн сургууль,Багш нарын өрөө,11.00,Хуваарь тавих боломжгүй,2,Проекторгүй
5d1e4eb00f543e05c1b44777c8fa2f76,Хичээлийн байр 4,301,Бизнесийн сургууль,Анги,57.00,МУИС-н хэмжээнд,36,Проектортой
af96e546937780d10eb61d2251183a86,Хичээлийн байр 4,302 a,Бизнесийн сургууль,Багш нарын өрөө,17.00,Хуваарь тавих боломжгүй,2,Проекторгүй
f8addad41c814d8f2a1ad0fabb8fcdec,Хичээлийн байр 4,302 б,Бизнесийн сургууль,Багш нарын өрөө,37.00,Хуваарь тавих боломжгүй,8,Проекторгүй
f62cd59b563a362587c4a0fdd024a4b8,Хичээлийн байр 4,303 а,Бизнесийн сургууль,Багш нарын өрөө,18.00,Хуваарь тавих боломжгүй,2,Проекторгүй
720a01366ac41486ca186b6e7798e09a,Хичээлийн байр 4,303 б,Бизнесийн сургууль,Анги,39.00,Харъяа сургуульд,34,Проектортой
1a575ed51bb3cac4036ac7fa35c93697,Хичээлийн байр 4,304б,Бизнесийн сургууль,Анги,61.00,Харъяа сургуульд,40,Проектортой
380c5d8310c90cd82b8472d23978cd9d,Хичээлийн байр 4,305,Бизнесийн сургууль,Лаборатори,62.00,МУИС-н хэмжээнд,32,Проекторгүй
1494218e90e48917ccde0cc93b80ae1b,Хичээлийн байр 4,306,Бизнесийн сургууль,Анги,62.00,Харъяа сургуульд,70,Проекторгүй
9f2caa11dbdb3c761fbab9be2d6a3990,Хичээлийн байр 4,307б,Бизнесийн сургууль,Лаборатори,42.00,МУИС-н хэмжээнд,24,Проектортой
00d012facf1521e46d2f00d1ea184a48,Хичээлийн байр 4,308,Бизнесийн сургууль,Анги,18.00,Харъяа сургуульд,24,Проектортой
5d6fa044588762f0a872592553868c5c,Хичээлийн байр 4,309,Бизнесийн сургууль,Багш нарын өрөө,16.00,Хуваарь тавих боломжгүй,3,Проекторгүй
31c270b0358aa96c20c6a8146224b215,Хичээлийн байр 4,310 a,Бизнесийн сургууль,Лаборатори,44.00,МУИС-н хэмжээнд,30,Проектортой
b78bb35901b071ca2faba93d48e228f6,Хичээлийн байр 4,310 б,Бизнесийн сургууль,Лаборатори,38.00,МУИС-н хэмжээнд,27,Проектортой
2e0bf75722d35dcbeb70286e4a6ff6e4,Хичээлийн байр 4,311,Бизнесийн сургууль,Багш нарын өрөө,7.00,Хуваарь тавих боломжгүй,1,Проекторгүй
1c7d0325d90f6a66922cbbb0e06854ad,Хичээлийн байр 4,312,Бизнесийн сургууль,Лаборатори,38.00,МУИС-н хэмжээнд,10,Проектортой
4cdc91808a0c9685b06fc23abecccba9,Хичээлийн байр 4,313,Бизнесийн сургууль,Агуулах,17.00,Хуваарь тавих боломжгүй,0,Проекторгүй
c02ed221d515009fc1c4bbbf1fe691f8,Хичээлийн байр 4,314,Бизнесийн сургууль,Сургалтын төв,60.00,Хуваарь тавих боломжгүй,40,Проектортой
c9a8b9fc23ad912a5f47e99c5efec3ea,Хичээлийн байр 4,314 а,Бизнесийн сургууль,Албан ажлын өрөө,35.00,Хуваарь тавих боломжгүй,3,Проекторгүй
148f5f9f895b1d066ab411365ddefca7,Хичээлийн байр 4,316,Бизнесийн сургууль,Багш нарын өрөө,11.00,Хуваарь тавих боломжгүй,2,Проекторгүй
1d8b57dbf344568cd2c9297f614ca965,Хичээлийн байр 4,317,Бизнесийн сургууль,Багш нарын өрөө,11.00,Хуваарь тавих боломжгүй,1,Проекторгүй
73e7a3593872d387b1259b170718d3d5,Хичээлийн байр 4,318,Бизнесийн сургууль,Багш нарын өрөө,11.00,Хуваарь тавих боломжгүй,2,Проекторгүй
9eaabacff4b55e935b1db0e83f763876,Хичээлийн байр 4,319,Бизнесийн сургууль,Багш нарын өрөө,23.00,Хуваарь тавих боломжгүй,3,Проекторгүй
485ecfe8c011ccc312dd1c33822abe00,Хичээлийн байр 4,"401 ",Бизнесийн сургууль,Багш нарын өрөө,40.00,Хуваарь тавих боломжгүй,7,Проекторгүй
f59ff1f429f5e5fc129daaea02874713,Хичээлийн байр 4,401 а,Бизнесийн сургууль,Цайны газар,8.00,Хуваарь тавих боломжгүй,7,Проекторгүй
47db31479f2d6f3acf59483b938a3644,Хичээлийн байр 4,402,Бизнесийн сургууль,Багш нарын өрөө,20.00,Хуваарь тавих боломжгүй,4,Проекторгүй
74726e64ae13cc81b142750054aa7a42,Хичээлийн байр 4,403,Бизнесийн сургууль,Анги,43.00,МУИС-н хэмжээнд,32,Проектортой
846aca97cd1cf99076c18d9bcea2e13a,Хичээлийн байр 4,404,Бизнесийн сургууль,Багш нарын өрөө,21.00,Хуваарь тавих боломжгүй,2,Проекторгүй
f3bde326d16a456ff86c0df6285a0e2d,Хичээлийн байр 4,405,Бизнесийн сургууль,Багш нарын өрөө,18.00,Хуваарь тавих боломжгүй,2,Проекторгүй
880a2f2f77eeb00bd306c8117d25ac88,Хичээлийн байр 4,406,Бизнесийн сургууль,Багш нарын өрөө,21.00,Хуваарь тавих боломжгүй,3,Проекторгүй
f39b5f9b3ecd00607f88dfd575c2aca2,Хичээлийн байр 4,407,Бизнесийн сургууль,Анги,60.00,МУИС-н хэмжээнд,40,Проектортой
f034b14a826345c1b4e1a4fabb1ecb2d,Хичээлийн байр 4,408,Бизнесийн сургууль,Багш нарын өрөө,20.00,Хуваарь тавих боломжгүй,4,Проекторгүй
19ddc6a9c48f00955790faa387fdd4c7,Хичээлийн байр 4,410,Бизнесийн сургууль,Анги,50.00,МУИС-н хэмжээнд,30,Проектортой
55aeb4762a7256ea014ab92ae0c3ec34,Хичээлийн байр 4,97,Бизнесийн сургууль,Агуулах,39.00,Хуваарь тавих боломжгүй,0,Проекторгүй
353536b2ba4ebaaea0166cb102d20164,Хичээлийн байр 4,99,Бизнесийн сургууль,Албан ажлын өрөө,34.00,Хуваарь тавих боломжгүй,0,Проекторгүй
54ab8f7e6d975f422a35d50f08ae0d8c,Хичээлийн байр 5,505,Бизнесийн сургууль,Бие даах төв,207.00,Хуваарь тавих боломжгүй,86,Проекторгүй
55a6065794c3d1137bcc6a34568aeeb3,Хичээлийн байр 5,605,Бизнесийн сургууль,Лекцийн заал,253.00,МУИС-н хэмжээнд,160,Проектортой
b535efc194c8051adf93d7b5a4eb7eaf,Завхан сургуулийн хичээлийн байр,101,Завхан сургууль,"Биеийн тамирын өрөө, зал ",500.00,Харъяа сургуульд,30,Проекторгүй
ea40060a018d3b7d22fa6dc598b4cbd0,Завхан сургуулийн хичээлийн байр,102,Завхан сургууль,Лаборатори,60.00,Харъяа сургуульд,60,Проектортой
9cec699df33aed273c89ebc0850ea740,Завхан сургуулийн хичээлийн байр,103,Завхан сургууль,Анги,25.00,Харъяа сургуульд,30,Проектортой
1c8a8408fcb061a3e934df24e0961923,Завхан сургуулийн хичээлийн байр,104,Завхан сургууль,Анги,25.00,Харъяа сургуульд,15,Проекторгүй
004b2430a539c949407dcb1e7abe4574,Завхан сургуулийн хичээлийн байр,105,Завхан сургууль,Анги,25.00,Харъяа сургуульд,20,Проекторгүй
20e675776adb055fbf466fabd8dc8fe2,Завхан сургуулийн хичээлийн байр,106,Завхан сургууль,Анги,36.00,Харъяа сургуульд,15,Проекторгүй
ac21f60021fd7f27ed914186850d00df,Завхан сургуулийн хичээлийн байр,107,Завхан сургууль,Анги,18.00,Харъяа сургуульд,6,Проекторгүй
58b6fd60d795932ca36312b762f288a5,Завхан сургуулийн хичээлийн байр,108,Завхан сургууль,Анги,18.00,Харъяа сургуульд,8,Проекторгүй
c2a5b02ccc8b2eb5965568a9791329b0,Завхан сургуулийн хичээлийн байр,109,Завхан сургууль,Албан ажлын өрөө,18.00,Хуваарь тавих боломжгүй,7,Проекторгүй
78a7c612e7290a9da5c50ecfc55c641f,Завхан сургуулийн хичээлийн байр,110,Завхан сургууль,Үйлдвэрлэл үйлчилгээний,25.00,Харъяа сургуульд,2,Проекторгүй
c3812db575c6ad98d0d7afd1b56a35f0,Завхан сургуулийн хичээлийн байр,111,Завхан сургууль,Анги,18.00,Харъяа сургуульд,2,Проекторгүй
43c7b5c5eb0a20169dc4541c79f26c00,Завхан сургуулийн хичээлийн байр,112,Завхан сургууль,Анги,30.00,Харъяа сургуульд,25,Проектортой
0c58070dd86ad2750e8fc2f63f5f6105,Завхан сургуулийн хичээлийн байр,113,Завхан сургууль,Анги,48.00,Харъяа сургуульд,36,Проектортой
4ad9c72f571c87486d1e409b710f16f9,Завхан сургуулийн хичээлийн байр,114,Завхан сургууль,Анги,24.00,Харъяа сургуульд,20,Проектортой
d592ab3966297976651cb3ae34b8c265,Завхан сургуулийн хичээлийн байр,115,Завхан сургууль,Лекцийн заал,55.00,Харъяа сургуульд,30,Проектортой
e57433e097055b98d0ec8c47f437ba3b,Завхан сургуулийн хичээлийн байр,116,Завхан сургууль,Хичээлийн танхим,25.00,Харъяа сургуульд,32,Проектортой
e83f2be8e31203d6acc4c24f0664d3a0,Завхан сургуулийн хичээлийн байр,117,Завхан сургууль,Номын сан,60.00,Харъяа сургуульд,70,Проекторгүй
4fec135631ae2cd7ebb5fb5cd94f58e7,Завхан сургуулийн хичээлийн байр,118,Завхан сургууль,Анги,25.00,Харъяа сургуульд,30,Проекторгүй
681d32cfa2d2722a376cf52f189b8614,Завхан сургуулийн хичээлийн байр,119,Завхан сургууль,Анги,150.00,Харъяа сургуульд,200,Проекторгүй
b4666c326b46341129890255d4c53ca0,Завхан сургуулийн хичээлийн байр,120,Завхан сургууль,Лекцийн заал,98.00,Харъяа сургуульд,200,Проектортой
0ba6c13ed80255bc8b141d55f7f42dd4,Завхан сургуулийн хичээлийн байр,201,Завхан сургууль,Хичээлийн танхим,25.00,Харъяа сургуульд,30,Проектортой
47b83826fefc586dfdc076db220e2528,Завхан сургуулийн хичээлийн байр,202,Завхан сургууль,Анги,18.00,Харъяа сургуульд,10,Проекторгүй
545752ebf6766434fa75a458dd4cdc4e,Завхан сургуулийн хичээлийн байр,203,Завхан сургууль,Хичээлийн танхим,25.00,Харъяа сургуульд,30,Проектортой
cfa553dfad627c15e7171a844a586f02,Завхан сургуулийн хичээлийн байр,204,Завхан сургууль,Лекцийн заал,80.00,Харъяа сургуульд,90,Проектортой
90e121c9378c2db3a6474e5d3d6452ff,Завхан сургуулийн хичээлийн байр,205,Завхан сургууль,Лаборатори,25.00,Харъяа сургуульд,30,Проектортой
be8ae25180433e3a93ac5ce62bdde4fe,Завхан сургуулийн хичээлийн байр,206,Завхан сургууль,Анги,18.00,Харъяа сургуульд,1,Проекторгүй
40cd43f53599f3cd0a8eb708a8efa3f1,Завхан сургуулийн хичээлийн байр,207,Завхан сургууль,Хичээлийн танхим,24.00,Харъяа сургуульд,30,Проектортой
63f113373d6cfd3ff3eeab336a7404f6,Завхан сургуулийн хичээлийн байр,208,Завхан сургууль,Лаборатори,30.00,Харъяа сургуульд,30,Проектортой
a88864e836a7c072387b5c601aa268fd,Завхан сургуулийн хичээлийн байр,209,Завхан сургууль,Хичээлийн танхим,25.00,Харъяа сургуульд,30,Проектортой
e86963971ce8327d7ff6bd1b86524394,Завхан сургуулийн хичээлийн байр,210,Завхан сургууль,Хичээлийн танхим,25.00,Харъяа сургуульд,30,Проектортой
4b28b981d61963fbf58e09e55a81a921,Завхан сургуулийн хичээлийн байр,301,Завхан сургууль,Хичээлийн танхим,25.00,Харъяа сургуульд,30,Проектортой
4876d9e893a5c226d8819d7c52e50859,Завхан сургуулийн хичээлийн байр,302,Завхан сургууль,Анги,18.00,Харъяа сургуульд,2,Проекторгүй
a64593e09dffcd3a0f2e2615eb8c893e,Завхан сургуулийн хичээлийн байр,303,Завхан сургууль,Хичээлийн танхим,25.00,Харъяа сургуульд,30,Проекторгүй
9ca9ff0eae85fa70f6751679a6d316c9,Завхан сургуулийн хичээлийн байр,304,Завхан сургууль,Хичээлийн танхим,30.00,Харъяа сургуульд,30,Проектортой
e86bed6abf1d13d47338bcf5fe82aeb8,Завхан сургуулийн хичээлийн байр,305,Завхан сургууль,Хичээлийн танхим,25.00,Харъяа сургуульд,30,Проектортой
e58783c2df92fe6270d14320a72d1970,Завхан сургуулийн хичээлийн байр,306,Завхан сургууль,Албан ажлын өрөө,25.00,Харъяа сургуульд,7,Проекторгүй
88b175658d5090d086e645dc96a81b19,Завхан сургуулийн хичээлийн байр,307,Завхан сургууль,Хичээлийн танхим,25.00,Харъяа сургуульд,30,Проектортой
b38b5258d95e2661caea8edea292fe8d,Завхан сургуулийн хичээлийн байр,308,Завхан сургууль,Албан ажлын өрөө,25.00,Харъяа сургуульд,30,Проекторгүй
c8721f783dc3a11b237e58ef61fa05e9,Завхан сургуулийн хичээлийн байр,309,Завхан сургууль,Лаборатори,25.00,Харъяа сургуульд,15,Проектортой
d6b2f2a4347dd4d4ad80b79697ad5490,Завхан сургуулийн хичээлийн байр,310,Завхан сургууль,Хичээлийн танхим,30.00,Харъяа сургуульд,30,Проектортой
c6a709678ebae9dcba03f3b2462956d6,Завхан сургуулийн хичээлийн байр,311,Завхан сургууль,Хичээлийн танхим,25.00,Харъяа сургуульд,30,Проектортой
fe740729eca6de808f4fdabf4d6195e2,Завхан сургуулийн хичээлийн байр,312,Завхан сургууль,Анги,30.00,Харъяа сургуульд,15,Проекторгүй
c0f8eb4bd4a6968046522a30e0937d90,E-Номын сан,101,Номын сан,Номын сан,20.00,Хуваарь тавих боломжгүй,1,Проекторгүй
73de0ca24bc7501b50518d621c3cccbf,E-Номын сан,102,Номын сан,Албан ажлын өрөө,11.00,Хуваарь тавих боломжгүй,6,Проекторгүй
bce993f8497b15747b122100c106d428,E-Номын сан,103,Номын сан,Албан ажлын өрөө,6.00,Хуваарь тавих боломжгүй,1,Проекторгүй
7d766683b9eba05f490f4ccf6138a323,E-Номын сан,104,Номын сан,Албан ажлын өрөө,6.00,Хуваарь тавих боломжгүй,1,Проекторгүй
2a8337b490c4cfa0786325e8af60a077,E-Номын сан,105,Номын сан,Албан ажлын өрөө,15.00,Хуваарь тавих боломжгүй,1,Проекторгүй
e2a347aada2a7f7c7aa202a12bc41798,E-Номын сан,106,Номын сан,Албан ажлын өрөө,50.00,Хуваарь тавих боломжгүй,1,Проекторгүй
6b00aaf18cf9ad6e963809869fc964bd,E-Номын сан,107,Номын сан,Номын сан,42.00,Хуваарь тавих боломжгүй,0,Проекторгүй
168f6d9bfb506581af52923ddb1b50e1,E-Номын сан,108,Номын сан,Номын сан,23.00,Хуваарь тавих боломжгүй,0,Проекторгүй
406dbb4a043810828cbcb979dae3a64c,E-Номын сан,109,Номын сан,Номын сан,25.00,Хуваарь тавих боломжгүй,0,Проекторгүй
f63fc80ae1b56e75bde5e35df913b0a7,E-Номын сан,110,Номын сан,Номын сан,15.00,Хуваарь тавих боломжгүй,0,Проекторгүй
0fabc993f538310f3f7d048cc9a27a57,E-Номын сан,111,Номын сан,Номын сан,11.00,Хуваарь тавих боломжгүй,0,Проекторгүй
88af10ba947640d24a93223c869111f7,E-Номын сан,112,Номын сан,Номын сан,11.00,Хуваарь тавих боломжгүй,10,Проекторгүй
d141f1e370fababe0e3de0c103639b8c,E-Номын сан,113,Номын сан,Албан ажлын өрөө,8.00,Хуваарь тавих боломжгүй,2,Проекторгүй
65080a1c7515771c61b6a17d5631d758,E-Номын сан,201,Номын сан,Номын сан,20.00,Хуваарь тавих боломжгүй,1,Проекторгүй
91d2be4427ecd1a48fedac3a2dcb5e33,E-Номын сан,202,Номын сан,Албан ажлын өрөө,50.00,Хуваарь тавих боломжгүй,0,Проекторгүй
aa3376be5d5d8bcfbaadd55eb53c8ff1,E-Номын сан,203,Номын сан,Албан ажлын өрөө,50.00,Хуваарь тавих боломжгүй,0,Проекторгүй
904444d766b70d6b79fd0c285e55889b,E-Номын сан,204,Номын сан,Албан ажлын өрөө,20.00,Хуваарь тавих боломжгүй,40,Проекторгүй
73968b2306de23af3fb5a97e3bd723b5,E-Номын сан,205,Номын сан,Сургалтын төв,20.00,Хуваарь тавих боломжгүй,0,Проекторгүй
3e8d2e0f34b987993849c3e8950d9490,E-Номын сан,206,Номын сан,Үйлдвэрлэл үйлчилгээний,2.00,Хуваарь тавих боломжгүй,0,Проекторгүй
d15594d503c12eb8a640983440a0297d,E-Номын сан,207,Номын сан,Сургалтын төв,20.00,Хуваарь тавих боломжгүй,16,Проекторгүй
c3dde50edfe8d9297a23031756a4740a,E-Номын сан,208,Номын сан,Албан ажлын өрөө,31.00,Хуваарь тавих боломжгүй,1,Проекторгүй
0e75a3688ce532b0e5811ddc5ae10c84,E-Номын сан,209,Номын сан,Албан ажлын өрөө,15.00,Хуваарь тавих боломжгүй,4,Проекторгүй
ba795956f14e92b2a589ceb2edf96a08,E-Номын сан,210,Номын сан,Албан ажлын өрөө,52.00,Хуваарь тавих боломжгүй,1,Проекторгүй
3c589c085d3cc6fc759c9b16ae27ec84,E-Номын сан,211,Номын сан,Номын сан,111.00,Хуваарь тавих боломжгүй,130,Проекторгүй
15ccfaf997f2bcf40b8fffc6beea183b,E-Номын сан,212,Номын сан,Номын сан,23.00,Хуваарь тавих боломжгүй,2,Проекторгүй
ba82b911a5b8e8f515aa922f9815ee3a,E-Номын сан,302,Номын сан,Лекцийн заал,187.00,МУИС-н хэмжээнд,181,Проектортой
456f7c916471d6c020abbe8c75726f51,E-Номын сан,303,Номын сан,Лекцийн заал,185.00,МУИС-н хэмжээнд,171,Проектортой
b7903adf0f82af57a1b37e5046101b4c,E-Номын сан,304,Номын сан,Анги,59.00,МУИС-н хэмжээнд,40,Проекторгүй
2ad7096fd88c793c4514cd2b5c360613,E-Номын сан,305,Номын сан,Анги,59.00,МУИС-н хэмжээнд,40,Проекторгүй
e781221d561fe0fab04f186e4bbe2e6b,E-Номын сан,306,Номын сан,Номын сан,80.00,Хуваарь тавих боломжгүй,100,Проекторгүй
f22349aad5aac88046bcdd781c6d3498,E-Номын сан,307,Номын сан,Номын сан,43.00,Хуваарь тавих боломжгүй,30,Проекторгүй
b14c9c618ac50412b0504a12466bab62,E-Номын сан,401,Номын сан,Номын сан,20.00,Хуваарь тавих боломжгүй,1,Проекторгүй
178614bde580c1d2ed02ef3bd6d9c2e5,E-Номын сан,402,Номын сан,Албан ажлын өрөө,69.00,Хуваарь тавих боломжгүй,10,Проекторгүй
ed1d496c2ab8f03ba98d2b4f40bbf7b4,E-Номын сан,403,Номын сан,Анги,69.00,МУИС-н хэмжээнд,33,Проекторгүй
76cdef5b13454f1bf364db930591e798,E-Номын сан,404,Номын сан,Албан ажлын өрөө,71.00,Хуваарь тавих боломжгүй,1,Проекторгүй
39605f5bbd163fc9ad05314d6d097fb5,E-Номын сан,405,Номын сан,Албан ажлын өрөө,71.00,Хуваарь тавих боломжгүй,1,Проекторгүй
38f78acd00d1188b008cfedfc20f2bf4,E-Номын сан,406,Номын сан,Албан ажлын өрөө,62.00,Хуваарь тавих боломжгүй,1,Проекторгүй
cdd02a08d34506a74437368c4464cff2,E-Номын сан,407,Номын сан,Номын сан,20.00,Хуваарь тавих боломжгүй,6,Проекторгүй
61217080fe7695357ead62e1c7053972,E-Номын сан,408,Номын сан,Номын сан,21.00,Хуваарь тавих боломжгүй,6,Проекторгүй
bdbd31526a3c487aac36c58a259b1b8d,E-Номын сан,409,Номын сан,Номын сан,14.00,Хуваарь тавих боломжгүй,4,Проекторгүй
5874a4013fb8f6cfdb081192bfd37a33,E-Номын сан,410,Номын сан,Номын сан,30.00,Хуваарь тавих боломжгүй,1,Проекторгүй
d6e089596dfbc05984b905fb93282324,E-Номын сан,411,Номын сан,Номын сан,22.00,Хуваарь тавих боломжгүй,50,Проекторгүй
3dc6416acc5f4a23ccd2d4f94045b3fa,E-Номын сан,501,Номын сан,Сургалтын төв,11.00,Хуваарь тавих боломжгүй,2,Проекторгүй
9a33282c758fc9b8473c3bbdba024a28,E-Номын сан,502,Номын сан,Албан ажлын өрөө,75.00,Хуваарь тавих боломжгүй,100,Проекторгүй
5176870971797f9f0a948794269f7bc3,E-Номын сан,503,Номын сан,Лаборатори,20.00,МУИС-н хэмжээнд,5,Проекторгүй
ebfbe78e64fda4c768a921f4c41aeedd,E-Номын сан,504,Номын сан,Анги,15.00,МУИС-н хэмжээнд,10,Проекторгүй
7a3129c30e8bee77f939517d271675e3,E-Номын сан,505,Номын сан,Албан ажлын өрөө,3.00,Хуваарь тавих боломжгүй,0,Проекторгүй
d5db5de7cc6c9414edbc184b98f16e1a,E-Номын сан,506,Номын сан,Лаборатори,30.00,МУИС-н хэмжээнд,15,Проекторгүй
2230d3fa6ef4999044c69fbe7049ad5a,E-Номын сан,507,Номын сан,Албан ажлын өрөө,21.00,Хуваарь тавих боломжгүй,10,Проекторгүй
98df639328de211a51dda87b1c9f2ebb,E-Номын сан,508,Номын сан,Лаборатори,25.00,МУИС-н хэмжээнд,8,Проекторгүй
516cf8e81049105079234fe3c87fdbbc,E-Номын сан,509,Номын сан,Албан ажлын өрөө,3.00,Хуваарь тавих боломжгүй,0,Проекторгүй
414d93ed003e16ffbc1085464736399a,E-Номын сан,510,Номын сан,Албан ажлын өрөө,21.00,Хуваарь тавих боломжгүй,10,Проекторгүй
7aab2cac326485eec4f1d7a47ad3414d,E-Номын сан,511,Номын сан,Албан ажлын өрөө,20.00,Хуваарь тавих боломжгүй,10,Проекторгүй
472158d68dd6cf87af08bd66b0b86c90,E-Номын сан,512,Номын сан,Лаборатори,25.00,МУИС-н хэмжээнд,15,Проекторгүй
4354cfca5faf071dd6c539f4fdd41945,E-Номын сан,513,Номын сан,Албан ажлын өрөө,9.00,Хуваарь тавих боломжгүй,1,Проекторгүй
83369a224bfad3245638a6a439d09049,E-Номын сан,514,Номын сан,Албан ажлын өрөө,1.00,Хуваарь тавих боломжгүй,1,Проекторгүй
11eaf357ebbeba9a2aec206106a5276c,E-Номын сан,515,Номын сан,Албан ажлын өрөө,1.00,Хуваарь тавих боломжгүй,1,Проекторгүй
62eeb611b58b37c5032fee9ff37c16ed,E-Номын сан,516,Номын сан,Албан ажлын өрөө,10.00,Хуваарь тавих боломжгүй,0,Проекторгүй
422fe6309f25c7d113c3fe1b256cefe3,E-Номын сан,517,Номын сан,Сургалтын төв,15.00,Хуваарь тавих боломжгүй,4,Проекторгүй
62e7a8374d406d59595c6ae91de245c9,E-Номын сан,601,Номын сан,Албан ажлын өрөө,10.00,Хуваарь тавих боломжгүй,10,Проекторгүй
279865b1bd81fe2934bf379be9efc2fc,E-Номын сан,602,Номын сан,Албан ажлын өрөө,18.00,Хуваарь тавих боломжгүй,8,Проекторгүй
51f1dd8fed52b9c51064cbc87b6f2bfb,E-Номын сан,603,Номын сан,Албан ажлын өрөө,17.00,Хуваарь тавих боломжгүй,2,Проекторгүй
00a707f7dc4277a9e77863adff59d54c,E-Номын сан,604,Номын сан,Албан ажлын өрөө,25.00,Хуваарь тавих боломжгүй,12,Проекторгүй
93cacf3a9d6718f06c4357e3455d1780,E-Номын сан,605,Номын сан,Албан ажлын өрөө,18.00,Хуваарь тавих боломжгүй,2,Проекторгүй
a5dd2da758c0d6103c3e13baf90937ce,E-Номын сан,606,Номын сан,Лаборатори,35.00,МУИС-н хэмжээнд,15,Проектортой
4d025ad3e87cb87953473d6dcb3826fd,E-Номын сан,607,Номын сан,Албан ажлын өрөө,16.00,Хуваарь тавих боломжгүй,2,Проекторгүй
44e22a6f81d542d4eb6328242f0ac8af,E-Номын сан,610,Номын сан,Анги,20.00,Харъяа сургуульд,15,Проекторгүй
99bfc988d5b9d7df5b16732087898294,E-Номын сан,611,Номын сан,Албан ажлын өрөө,18.00,Хуваарь тавих боломжгүй,5,Проекторгүй
af8968bbdf1ea9ef7e64fb65a2baf6c4,E-Номын сан,613,Номын сан,Анги,15.00,МУИС-н хэмжээнд,8,Проекторгүй
58dcbc71d19d301aa55b457ea01fdb81,E-Номын сан,614,Номын сан,Албан ажлын өрөө,31.00,Хуваарь тавих боломжгүй,5,Проекторгүй
ac3154c31ca329b8ddeea8fa22610944,E-Номын сан,615,Номын сан,Албан ажлын өрөө,16.00,Хуваарь тавих боломжгүй,15,Проектортой
d1c16de1663a10425d40b55af45aa848,E-Номын сан,616,Номын сан,Анги,20.00,МУИС-н хэмжээнд,12,Проекторгүй
e53b2d2e614cc5d2556772289db9a770,E-Номын сан,617,Номын сан,Албан ажлын өрөө,20.00,Хуваарь тавих боломжгүй,2,Проекторгүй
75facef88f14271d88da04d11bbc7111,E-Номын сан,619,Номын сан,Албан ажлын өрөө,18.00,Хуваарь тавих боломжгүй,5,Проекторгүй
ba00095bd7e797100c350b54ddef6ea4,Хичээлийн байр 5,108,"Олон улсын харилцаа, нийтийн удирдлагын сургууль",Үйлдвэрлэл үйлчилгээний,14.00,Хуваарь тавих боломжгүй,8,Проекторгүй
eb00e963057153a522ff44fb4243145e,Хичээлийн байр 5,109,"Олон улсын харилцаа, нийтийн удирдлагын сургууль",Агуулах,12.00,Хуваарь тавих боломжгүй,0,Проекторгүй
daab21bfc53be9aac538717c0fc78385,Хичээлийн байр 5,201 а,"Олон улсын харилцаа, нийтийн удирдлагын сургууль",Албан ажлын өрөө,17.00,Хуваарь тавих боломжгүй,1,Проекторгүй
7074c7a1f840be6d0819eb9c52c1bb10,Хичээлийн байр 5,201 б,"Олон улсын харилцаа, нийтийн удирдлагын сургууль",Албан ажлын өрөө,37.00,Хуваарь тавих боломжгүй,4,Проекторгүй
bba05a01cbc2a208e1876ec672b55ea1,Хичээлийн байр 5,202,"Олон улсын харилцаа, нийтийн удирдлагын сургууль",Анги,76.00,МУИС-н хэмжээнд,85,Проектортой
2954cac68c867d71fb09c11a024b8c65,Хичээлийн байр 5,203,"Олон улсын харилцаа, нийтийн удирдлагын сургууль",Албан ажлын өрөө,55.00,Хуваарь тавих боломжгүй,14,Проекторгүй
7a606ce04f9ba72ca23ff3d62cb95630,Хичээлийн байр 5,204 а,"Олон улсын харилцаа, нийтийн удирдлагын сургууль",Албан ажлын өрөө,36.00,Хуваарь тавих боломжгүй,1,Проекторгүй
7adc53fb0a5372359e1d182056253b6f,Хичээлийн байр 5,204 б,"Олон улсын харилцаа, нийтийн удирдлагын сургууль",Албан ажлын өрөө,19.00,Хуваарь тавих боломжгүй,2,Проекторгүй
c21edea5e86ec9c42e76ef159fcb2612,Хичээлийн байр 5,205,"Олон улсын харилцаа, нийтийн удирдлагын сургууль",Анги,47.00,МУИС-н хэмжээнд,15,Проектортой
ec20a59c52494827c6da820362698de1,Хичээлийн байр 5,206,"Олон улсын харилцаа, нийтийн удирдлагын сургууль",Албан ажлын өрөө,13.00,Хуваарь тавих боломжгүй,0,Проекторгүй
e7018a83b4681a883f5baf9784161f51,Хичээлийн байр 5,207,"Олон улсын харилцаа, нийтийн удирдлагын сургууль",Агуулах,13.00,Хуваарь тавих боломжгүй,0,Проекторгүй
1a6408a0c3e5418de497e541ab2dd313,Хичээлийн байр 5,208,"Олон улсын харилцаа, нийтийн удирдлагын сургууль",Анги,32.00,МУИС-н хэмжээнд,26,Проектортой
2b6f70e476a2027dc5341beb63bb9ca2,Хичээлийн байр 5,301,"Олон улсын харилцаа, нийтийн удирдлагын сургууль",Багш нарын өрөө,55.00,Хуваарь тавих боломжгүй,8,Проекторгүй
2df7ff43396490265d57dc032db72cf5,Хичээлийн байр 5,302,"Олон улсын харилцаа, нийтийн удирдлагын сургууль",Анги,44.00,МУИС-н хэмжээнд,32,Проектортой
f77f8446d0e049adecdae0ffcca4f089,Хичээлийн байр 5,303,"Олон улсын харилцаа, нийтийн удирдлагын сургууль",Анги,49.00,Харъяа сургуульд,30,Проектортой
300a41acf14c26088c9824330fc61a87,Хичээлийн байр 5,304 а,"Олон улсын харилцаа, нийтийн удирдлагын сургууль",Бие даах төв,44.00,Хуваарь тавих боломжгүй,3,Проекторгүй
0a5b367a9612aa4becd92c4288f3341e,Хичээлийн байр 5,304 б,"Олон улсын харилцаа, нийтийн удирдлагын сургууль",Бие даах төв,69.00,Хуваарь тавих боломжгүй,60,Проекторгүй
109fa6cec4b3faf9db32e32c1db20f60,Хичээлийн байр 5,305,"Олон улсын харилцаа, нийтийн удирдлагын сургууль",Лекцийн заал,113.00,МУИС-н хэмжээнд,160,Проектортой
cd462add2cfa2259a27d63ea4064168e,Хичээлийн байр 5,306,"Олон улсын харилцаа, нийтийн удирдлагын сургууль",Албан ажлын өрөө,12.00,Хуваарь тавих боломжгүй,2,Проекторгүй
712a1caad5cd463bbec4b7ab6dec8342,Хичээлийн байр 5,307,"Олон улсын харилцаа, нийтийн удирдлагын сургууль",Анги,45.00,Харъяа сургуульд,14,Проектортой
98b6e101bf56e27fd5654999045ad71f,Хичээлийн байр 5,308,"Олон улсын харилцаа, нийтийн удирдлагын сургууль",Номын сан,15.00,Хуваарь тавих боломжгүй,0,Проекторгүй
5210a31b65be2c88d02b46b2e1a7be46,Хичээлийн байр 5,309,"Олон улсын харилцаа, нийтийн удирдлагын сургууль",Анги,60.00,МУИС-н хэмжээнд,34,Проектортой
b4d0d545234073d31bfac97a7efcdf5b,Хичээлийн байр 5,401,"Олон улсын харилцаа, нийтийн удирдлагын сургууль",Багш нарын өрөө,18.00,Хуваарь тавих боломжгүй,4,Проекторгүй
b7d88bb76fcb4a37b7ff929be8c3ffd5,Хичээлийн байр 5,402,"Олон улсын харилцаа, нийтийн удирдлагын сургууль",Багш нарын өрөө,37.00,Хуваарь тавих боломжгүй,7,Проектортой
2bfc71192ee0b3a8b8defdddb4492d30,Хичээлийн байр 5,403,"Олон улсын харилцаа, нийтийн удирдлагын сургууль",Багш нарын өрөө,44.00,Хуваарь тавих боломжгүй,9,Проекторгүй
f69d99a38347c7d11cfd3ede890631a7,Хичээлийн байр 5,404,"Олон улсын харилцаа, нийтийн удирдлагын сургууль",Анги,49.00,МУИС-н хэмжээнд,29,Проектортой
7cd5088f8d2f1b13c474d6c3d2429870,Хичээлийн байр 5,405,"Олон улсын харилцаа, нийтийн удирдлагын сургууль",Анги,44.00,МУИС-н хэмжээнд,32,Проектортой
cdac21d4208306b9b15552e0e4ce0569,Хичээлийн байр 5,406,"Олон улсын харилцаа, нийтийн удирдлагын сургууль",Анги,74.00,МУИС-н хэмжээнд,44,Проектортой
2ae677ad7073528b427458e711e43eb4,Хичээлийн байр 5,407,"Олон улсын харилцаа, нийтийн удирдлагын сургууль",Лекцийн заал,113.00,МУИС-н хэмжээнд,130,Проектортой
95e6b784c3441333eeebd14d66daf881,Хичээлийн байр 5,408,"Олон улсын харилцаа, нийтийн удирдлагын сургууль",Албан ажлын өрөө,12.00,Хуваарь тавих боломжгүй,2,Проекторгүй
544cea8d417f55138e0b657cfd21be76,Хичээлийн байр 5,409,"Олон улсын харилцаа, нийтийн удирдлагын сургууль",Анги,45.00,МУИС-н хэмжээнд,35,Проектортой
6b6d79621b15fbc9223f83bf07cb04b7,Хичээлийн байр 5,410,"Олон улсын харилцаа, нийтийн удирдлагын сургууль",Анги,59.00,МУИС-н хэмжээнд,40,Проектортой
f45b839b7413a5f16f630bc69aab3e39,Хичээлийн байр 5,607,"Олон улсын харилцаа, нийтийн удирдлагын сургууль",Агуулах,34.00,Хуваарь тавих боломжгүй,0,Проекторгүй
2190ccafb23053ca9109b45580c32729,Хичээлийн байр 3А,200 а,Хууль зүйн сургууль,Анги,40.00,МУИС-н хэмжээнд,80,Проектортой
29caac4c4b074f90bd26491d94cbb862,Хичээлийн байр 3А,331,Хууль зүйн сургууль,Лекцийн заал,185.00,МУИС-н хэмжээнд,180,Проектортой
7cd08f90d333ca75a2c4c35ce69d09a6,Хичээлийн байр 3Б,100,Хууль зүйн сургууль,Сургалтын төв,17.00,Хуваарь тавих боломжгүй,1,Проекторгүй
592044e867af84adaeebcbbba3174263,Хичээлийн байр 3Б,101,Хууль зүйн сургууль,Анги,73.00,Харъяа сургуульд,85,Проектортой
68f214e8f8faa79e12285ef58528c049,Хичээлийн байр 3Б,103,Хууль зүйн сургууль,Багш нарын өрөө,16.00,Хуваарь тавих боломжгүй,3,Проекторгүй
688640244ceb9caec2201eede5542844,Хичээлийн байр 3Б,104,Хууль зүйн сургууль,Хичээлийн танхим,51.00,Харъяа сургуульд,31,Проектортой
b0b090b560775c40fbbaa4fed1a16810,Хичээлийн байр 3Б,201,Хууль зүйн сургууль,Анги,16.00,Харъяа сургуульд,24,Проектортой
64c19420d01c19d4928b4b2df2ed771c,Хичээлийн байр 3Б,202,Хууль зүйн сургууль,Албан ажлын өрөө,16.00,Хуваарь тавих боломжгүй,4,Проекторгүй
69c094b6984a23039b64f5d565a1f470,Хичээлийн байр 3Б,203,Хууль зүйн сургууль,Анги,52.00,Харъяа сургуульд,30,Проектортой
e9d782fb6799fb8001f2f43a0246bca5,Хичээлийн байр 3Б,204,Хууль зүйн сургууль,Багш нарын өрөө,16.00,Хуваарь тавих боломжгүй,2,Проекторгүй
5328147911fb9bfd03fb878aa3d408c9,Хичээлийн байр 3Б,205,Хууль зүйн сургууль,Номын сан,151.00,Хуваарь тавих боломжгүй,20,Проекторгүй
744f89a08f8a1c4883dc751e36a0f2dd,Хичээлийн байр 3Б,206,Хууль зүйн сургууль,Албан ажлын өрөө,50.00,Хуваарь тавих боломжгүй,6,Проекторгүй
bf6b1868f3378a2422adac7af5933e43,Хичээлийн байр 3Б,207,Хууль зүйн сургууль,Албан ажлын өрөө,21.00,Хуваарь тавих боломжгүй,3,Проекторгүй
52d266973040c705f8e0b0f81968e6d5,Хичээлийн байр 3Б,208,Хууль зүйн сургууль,Албан ажлын өрөө,51.00,Хуваарь тавих боломжгүй,40,Проектортой
9e764ad3ceb0d66243819c619492ed54,Хичээлийн байр 3Б,301,Хууль зүйн сургууль,Багш нарын өрөө,16.00,Хуваарь тавих боломжгүй,3,Проекторгүй
e5612afdc6a38a9051cb455b1325de73,Хичээлийн байр 3Б,302,Хууль зүйн сургууль,Анги,73.00,МУИС-н хэмжээнд,80,Проектортой
8d73ce762a35ce3d4ad66f7c065c5d31,Хичээлийн байр 3Б,303,Хууль зүйн сургууль,Багш нарын өрөө,17.00,Хуваарь тавих боломжгүй,1,Проекторгүй
fab9b0f1391740bf151c02f9231e7738,Хичээлийн байр 3Б,304,Хууль зүйн сургууль,Багш нарын өрөө,17.00,Хуваарь тавих боломжгүй,15,Проекторгүй
48f0247fc5b016979b8e75b68354ef52,Хичээлийн байр 3Б,305,Хууль зүйн сургууль,Багш нарын өрөө,20.00,Хуваарь тавих боломжгүй,4,Проекторгүй
874df4a7ec0a8a547ef1f517328414e5,Хичээлийн байр 3Б,306,Хууль зүйн сургууль,Багш нарын өрөө,20.00,Хуваарь тавих боломжгүй,5,Проекторгүй
97946d18c3cfac0d18e644c69c7c41a9,Хичээлийн байр 3Б,307,Хууль зүйн сургууль,Анги,37.00,Харъяа сургуульд,30,Проектортой
a6ebbf571fc1a5560fab059e952c6e58,Хичээлийн байр 3Б,308,Хууль зүйн сургууль,Анги,37.00,Харъяа сургуульд,30,Проектортой
0bd1f70bdccde360985dc75a78127518,Хичээлийн байр 3Б,309,Хууль зүйн сургууль,Албан ажлын өрөө,70.00,Хуваарь тавих боломжгүй,3,Проекторгүй
e5e918e16395192b136545d64ad579c1,Хичээлийн байр 3Б,310,Хууль зүйн сургууль,Анги,38.00,Харъяа сургуульд,30,Проектортой
64cb5ae219df3fa02d50dc7c1b4a54cb,Хичээлийн байр 3Б,311,Хууль зүйн сургууль,Агуулах,32.00,Хуваарь тавих боломжгүй,0,Проекторгүй
525f23ebfe9a24fb94b73725554ab968,Хичээлийн байр 3Б,312,Хууль зүйн сургууль,Анги,42.00,Харъяа сургуульд,35,Проектортой
18ac47dae286e4c5efa41d9988805915,Хичээлийн байр 3Б,313,Хууль зүйн сургууль,Анги,27.00,МУИС-н хэмжээнд,30,Проектортой
b07c7284d517bef63c102f002d40d179,Хичээлийн байр 3Б,315,Хууль зүйн сургууль,Анги,28.00,Харъяа сургуульд,15,Проектортой
4318ce8396f7ea97606ae972b9e05aab,Хичээлийн байр 3Б,316,Хууль зүйн сургууль,Багш нарын өрөө,16.00,Хуваарь тавих боломжгүй,6,Проекторгүй
6ce9208348abdddc7e39004ec9e436cf,Хичээлийн байр 3Б,318,Хууль зүйн сургууль,Багш нарын өрөө,16.00,Хуваарь тавих боломжгүй,1,Проекторгүй
4955173b0a2678fedd6aad2892fcc90f,Хичээлийн байр 3Б,319,Хууль зүйн сургууль,Анги,35.00,Харъяа сургуульд,33,Проектортой
42f0b4dc86f287a1f48371ed89b14bd8,Хичээлийн байр 3Б,320,Хууль зүйн сургууль,Багш нарын өрөө,35.00,Хуваарь тавих боломжгүй,8,Проекторгүй
a17d4a9b9ed7e0df84785b29d4d8d731,Хичээлийн байр 3Б,321,Хууль зүйн сургууль,Багш нарын өрөө,17.00,Хуваарь тавих боломжгүй,4,Проекторгүй
f5458f75b8da243d9043e11d580acae2,Хичээлийн байр 3Б,322,Хууль зүйн сургууль,Багш нарын өрөө,17.00,Хуваарь тавих боломжгүй,4,Проекторгүй
0e5a2b1f902344bd4f3ae4ee16cc3717,Хичээлийн байр 3Б,323,Хууль зүйн сургууль,Анги,35.00,Харъяа сургуульд,30,Проектортой
323437957a99c16665183d4480662f7e,Хичээлийн байр 3Б,324,Хууль зүйн сургууль,Багш нарын өрөө,18.00,Хуваарь тавих боломжгүй,3,Проекторгүй
7243a8fe74618470addb723876b388ce,Хичээлийн байр 3Б,325,Хууль зүйн сургууль,Багш нарын өрөө,17.00,Хуваарь тавих боломжгүй,6,Проекторгүй
b37a5130435834b18d5d3b1494ff1093,Хичээлийн байр 3Б,326,Хууль зүйн сургууль,Багш нарын өрөө,37.00,Хуваарь тавих боломжгүй,9,Проекторгүй
8c12d56ec75df2b4613b48e17ca9bd32,Хичээлийн байр 3Б,327,Хууль зүйн сургууль,Багш нарын өрөө,21.00,Хуваарь тавих боломжгүй,5,Проекторгүй
9f52f5ea9bc4da39ef865c98104381b4,Хичээлийн байр 3Б,328,Хууль зүйн сургууль,Анги,35.00,МУИС-н хэмжээнд,30,Проектортой
489bf5e90e46619cee0ff769e61a993c,Хичээлийн байр 3Б,330,Хууль зүйн сургууль,Анги,36.00,Харъяа сургуульд,30,Проектортой
1f9d51cbafbacac455afc61b805abeca,Хичээлийн байр 3Б,332,Хууль зүйн сургууль,Анги,36.00,Харъяа сургуульд,27,Проектортой
ad9d22b1b5af1caeb026173f3d3055f5,Хичээлийн төв байр,121,Хууль зүйн сургууль,Албан ажлын өрөө,19.00,Хуваарь тавих боломжгүй,1,Проекторгүй
b4a3df812cf6b56de6a00b0fd78c78b9,Хичээлийн төв байр,318,Хууль зүйн сургууль,Багш нарын өрөө,16.00,Хуваарь тавих боломжгүй,1,Проекторгүй
dea54b0f4e468823803b7e22e052dae6,Хичээлийн байр 3А,10,"Хэрэглээний шинжлэх ухаан, инженерчлэлийн сургууль",Хичээлийн танхим,123.00,Харъяа сургуульд,100,Проекторгүй
5fae48d357be09f238caaeaa94e7abec,Хичээлийн байр 3А,101,"Хэрэглээний шинжлэх ухаан, инженерчлэлийн сургууль",Багш нарын өрөө,16.00,Хуваарь тавих боломжгүй,2,Проекторгүй
5ea016720444e9fcdbae109fe7d8445f,Хичээлийн байр 3А,102,"Хэрэглээний шинжлэх ухаан, инженерчлэлийн сургууль",Албан ажлын өрөө,30.00,Хуваарь тавих боломжгүй,1,Проекторгүй
c73de8b970dea48f6206f8593d1468ef,Хичээлийн байр 3А,103,"Хэрэглээний шинжлэх ухаан, инженерчлэлийн сургууль",Анги,35.00,Харъяа сургуульд,30,Проектортой
eaec0e159d9499888d10a8ed25f2b886,Хичээлийн байр 3А,104,"Хэрэглээний шинжлэх ухаан, инженерчлэлийн сургууль",Багш нарын өрөө,19.00,Хуваарь тавих боломжгүй,6,Проекторгүй
34dcd1061e7a8e33358349f1c1467b8b,Хичээлийн байр 3А,105,"Хэрэглээний шинжлэх ухаан, инженерчлэлийн сургууль",Багш нарын өрөө,18.00,Хуваарь тавих боломжгүй,4,Проектортой
0a7a9e91d1a97f9f03b2ebd9926855e0,Хичээлийн байр 3А,106,"Хэрэглээний шинжлэх ухаан, инженерчлэлийн сургууль",Багш нарын өрөө,28.00,Хуваарь тавих боломжгүй,2,Проекторгүй
e108592cecdd9b6c72e143bd73df9302,Хичээлийн байр 3А,107,"Хэрэглээний шинжлэх ухаан, инженерчлэлийн сургууль",Лаборатори,26.00,Харъяа сургуульд,10,Проекторгүй
1bf4c6c6524d1c4d64e43b1ba21bec2f,Хичээлийн байр 3А,108,"Хэрэглээний шинжлэх ухаан, инженерчлэлийн сургууль",Лаборатори,43.00,Харъяа сургуульд,26,Проектортой
dc0b0a20c2e9d4905cd95171bcb6565d,Хичээлийн байр 3А,109,"Хэрэглээний шинжлэх ухаан, инженерчлэлийн сургууль",Лаборатори,27.00,Харъяа сургуульд,15,Проекторгүй
e446d054110c001b3721972583406440,Хичээлийн байр 3А,110,"Хэрэглээний шинжлэх ухаан, инженерчлэлийн сургууль",Лаборатори,18.00,Харъяа сургуульд,6,Проекторгүй
6297e10b5333862df74252870217fe35,Хичээлийн байр 3А,111,"Хэрэглээний шинжлэх ухаан, инженерчлэлийн сургууль",Анги,38.00,МУИС-н хэмжээнд,32,Проекторгүй
b4c57f1c30328116fe8b0fba23dc4c51,Хичээлийн байр 3А,113,"Хэрэглээний шинжлэх ухаан, инженерчлэлийн сургууль",Албан ажлын өрөө,32.00,Хуваарь тавих боломжгүй,5,Проекторгүй
e96b220e3e6d42ed42da0218b3b827ef,Хичээлийн байр 3А,114,"Хэрэглээний шинжлэх ухаан, инженерчлэлийн сургууль",Анги,69.00,МУИС-н хэмжээнд,70,Проектортой
18f057328cd63300d5d29171bc8ff9cd,Хичээлийн байр 3А,115,"Хэрэглээний шинжлэх ухаан, инженерчлэлийн сургууль",Лаборатори,34.00,Харъяа сургуульд,27,Проектортой
6b1bc5e216d56fa5ee11b473b1c9c19f,Хичээлийн байр 3А,116,"Хэрэглээний шинжлэх ухаан, инженерчлэлийн сургууль",Анги,37.00,МУИС-н хэмжээнд,30,Проекторгүй
0860819cc64ffac0dfa3f51a035fac6c,Хичээлийн байр 3А,117,"Хэрэглээний шинжлэх ухаан, инженерчлэлийн сургууль",Анги,54.00,Харъяа сургуульд,54,Проектортой
649f19deff242397c599d59f9af7a748,Хичээлийн байр 3А,118,"Хэрэглээний шинжлэх ухаан, инженерчлэлийн сургууль",Багш нарын өрөө,15.00,Хуваарь тавих боломжгүй,4,Проекторгүй
b7c4a0b19fc6e522f903911a56715ac9,Хичээлийн байр 3А,119,"Хэрэглээний шинжлэх ухаан, инженерчлэлийн сургууль",Анги,32.00,Харъяа сургуульд,30,Проектортой
2c92f9e66cf332b0c4f58b73074f6ba4,Хичээлийн байр 3А,120,"Хэрэглээний шинжлэх ухаан, инженерчлэлийн сургууль",Лаборатори,35.00,Харъяа сургуульд,16,Проекторгүй
fe432a512b4ab71120c734f53b3ded05,Хичээлийн байр 3А,121,"Хэрэглээний шинжлэх ухаан, инженерчлэлийн сургууль",Албан ажлын өрөө,19.00,Хуваарь тавих боломжгүй,3,Проекторгүй
eb768b1c8109119e7564e11146a60085,Хичээлийн байр 3А,122,"Хэрэглээний шинжлэх ухаан, инженерчлэлийн сургууль",Лаборатори,52.00,Харъяа сургуульд,10,Проектортой
5ad5c3748ba385dbbf32cb1d43f77c63,Хичээлийн байр 3А,123,"Хэрэглээний шинжлэх ухаан, инженерчлэлийн сургууль",Лаборатори,52.00,Харъяа сургуульд,26,Проектортой
3a77ad6f0b7c2457e3cd8d80c26c8f52,Хичээлийн байр 3А,125,"Хэрэглээний шинжлэх ухаан, инженерчлэлийн сургууль",Лаборатори,34.00,Харъяа сургуульд,20,Проектортой
3121c73839383e55cf62b010b1a3a595,Хичээлийн байр 3А,126,"Хэрэглээний шинжлэх ухаан, инженерчлэлийн сургууль",Лаборатори,34.00,Харъяа сургуульд,16,Проектортой
baf513949fd36f3fdf2bbada05fcf510,Хичээлийн байр 3А,127,"Хэрэглээний шинжлэх ухаан, инженерчлэлийн сургууль",Лаборатори,50.00,Харъяа сургуульд,15,Проектортой
fab5c23cdc5efe3e19fcd40da938d335,Хичээлийн байр 3А,128,"Хэрэглээний шинжлэх ухаан, инженерчлэлийн сургууль",Лаборатори,32.00,Харъяа сургуульд,26,Проекторгүй
61d00029cdc0f0bcc3f4ea84c8a25805,Хичээлийн байр 3А,129,"Хэрэглээний шинжлэх ухаан, инженерчлэлийн сургууль",Лаборатори,35.00,Харъяа сургуульд,14,Проектортой
cca0cbbae1c518b3e72678b580a80873,Хичээлийн байр 3А,130,"Хэрэглээний шинжлэх ухаан, инженерчлэлийн сургууль",Анги,37.00,Харъяа сургуульд,30,Проектортой
de847e8e002836365699d457f508ff4d,Хичээлийн байр 3А,133,"Хэрэглээний шинжлэх ухаан, инженерчлэлийн сургууль",Лаборатори,33.00,Харъяа сургуульд,15,Проекторгүй
6496b5cb672e552a5f3d671d0bfa6b0d,Хичээлийн байр 3А,134,"Хэрэглээний шинжлэх ухаан, инженерчлэлийн сургууль",Албан ажлын өрөө,30.00,Хуваарь тавих боломжгүй,1,Проекторгүй
4b8d6692d1d9e646bba74a59d5b570ff,Хичээлийн байр 3А,135,"Хэрэглээний шинжлэх ухаан, инженерчлэлийн сургууль",Албан ажлын өрөө,30.00,Хуваарь тавих боломжгүй,1,Проекторгүй
f81338317851c85b45452e16f4eaa388,Хичээлийн байр 3А,200,"Хэрэглээний шинжлэх ухаан, инженерчлэлийн сургууль",Анги,74.00,МУИС-н хэмжээнд,80,Проектортой
48a8e169becaf2d956ac23fa0c877563,Хичээлийн байр 3А,201,"Хэрэглээний шинжлэх ухаан, инженерчлэлийн сургууль",Албан ажлын өрөө,42.00,Хуваарь тавих боломжгүй,1,Проектортой
6e211f9c5d41e76e130c20d6be707899,Хичээлийн байр 3А,202,"Хэрэглээний шинжлэх ухаан, инженерчлэлийн сургууль",Багш нарын өрөө,27.00,Хуваарь тавих боломжгүй,6,Проекторгүй
8a68e3c5eb852fa271fb70d7bfcde691,Хичээлийн байр 3А,203,"Хэрэглээний шинжлэх ухаан, инженерчлэлийн сургууль",Албан ажлын өрөө,26.00,Хуваарь тавих боломжгүй,15,Проекторгүй
75cd2515da3dfa3b488c07a19c0894d1,Хичээлийн байр 3А,204,"Хэрэглээний шинжлэх ухаан, инженерчлэлийн сургууль",Багш нарын өрөө,16.00,Хуваарь тавих боломжгүй,4,Проекторгүй
2827831a8bb74122270de22b5f67348f,Хичээлийн байр 3А,205,"Хэрэглээний шинжлэх ухаан, инженерчлэлийн сургууль",Албан ажлын өрөө,17.00,Хуваарь тавих боломжгүй,10,Проекторгүй
463bd5da8e5909c60d80d87e21f9c87b,Хичээлийн байр 3А,206,"Хэрэглээний шинжлэх ухаан, инженерчлэлийн сургууль",Багш нарын өрөө,23.00,Хуваарь тавих боломжгүй,3,Проекторгүй
80adace5a1202977234175067aaf5ccf,Хичээлийн байр 3А,207,"Хэрэглээний шинжлэх ухаан, инженерчлэлийн сургууль",Багш нарын өрөө,34.00,Хуваарь тавих боломжгүй,3,Проекторгүй
25d96e29543936c2ed280d187d46c7f6,Хичээлийн байр 3А,208,"Хэрэглээний шинжлэх ухаан, инженерчлэлийн сургууль",Албан ажлын өрөө,37.00,Хуваарь тавих боломжгүй,1,Проекторгүй
ba05a83f7acd8c1f3e8cd327ce6ce407,Хичээлийн байр 3А,209,"Хэрэглээний шинжлэх ухаан, инженерчлэлийн сургууль",Багш нарын өрөө,16.00,Хуваарь тавих боломжгүй,7,Проекторгүй
62820dcaa3c6b61ae18eb88a2cbea6d9,Хичээлийн байр 3А,210,"Хэрэглээний шинжлэх ухаан, инженерчлэлийн сургууль",Албан ажлын өрөө,30.00,Хуваарь тавих боломжгүй,10,Проекторгүй
406e54901577e70e24c18cff57f4abcc,Хичээлийн байр 3А,211,"Хэрэглээний шинжлэх ухаан, инженерчлэлийн сургууль",Албан ажлын өрөө,18.00,Хуваарь тавих боломжгүй,2,Проекторгүй
2e70ff571637f7eedfef802ad5da19c6,Хичээлийн байр 3А,211б,"Хэрэглээний шинжлэх ухаан, инженерчлэлийн сургууль",Лаборатори,18.00,Харъяа сургуульд,10,Проекторгүй
8cb003936fb318e330677edf15374849,Хичээлийн байр 3А,212,"Хэрэглээний шинжлэх ухаан, инженерчлэлийн сургууль",Албан ажлын өрөө,18.00,Хуваарь тавих боломжгүй,1,Проекторгүй
615818e33371db86787307b8f79ea6ad,Хичээлийн байр 3А,213,"Хэрэглээний шинжлэх ухаан, инженерчлэлийн сургууль",Албан ажлын өрөө,75.00,Хуваарь тавих боломжгүй,7,Проекторгүй
572ca43d230ec79ce812e43ad124cf17,Хичээлийн байр 3А,215,"Хэрэглээний шинжлэх ухаан, инженерчлэлийн сургууль",Лаборатори,91.00,Харъяа сургуульд,28,Проектортой
ff61540f8b7b586dd31fc162fb192562,Хичээлийн байр 3А,216,"Хэрэглээний шинжлэх ухаан, инженерчлэлийн сургууль",Багш нарын өрөө,18.00,Хуваарь тавих боломжгүй,4,Проекторгүй
c0d718c7d94a0933ac765f3031469df1,Хичээлийн байр 3А,217,"Хэрэглээний шинжлэх ухаан, инженерчлэлийн сургууль",Албан ажлын өрөө,35.00,Хуваарь тавих боломжгүй,15,Проекторгүй
9c1aff1816eb9dc166a9355ec07bbe11,Хичээлийн байр 3А,218,"Хэрэглээний шинжлэх ухаан, инженерчлэлийн сургууль",Багш нарын өрөө,20.00,Хуваарь тавих боломжгүй,3,Проекторгүй
6a8722525a2a70c0c08e6ddf64481916,Хичээлийн байр 3А,221,"Хэрэглээний шинжлэх ухаан, инженерчлэлийн сургууль",Албан ажлын өрөө,53.00,Хуваарь тавих боломжгүй,40,Проекторгүй
3360c2f4443f4c949d0e3c6356049ca7,Хичээлийн байр 3А,222,"Хэрэглээний шинжлэх ухаан, инженерчлэлийн сургууль",Анги,71.00,Харъяа сургуульд,28,Проектортой
cf03c3dbf921f81ce5c0a2616e4c51c7,Хичээлийн байр 3А,223,"Хэрэглээний шинжлэх ухаан, инженерчлэлийн сургууль",Багш нарын өрөө,18.00,Хуваарь тавих боломжгүй,4,Проекторгүй
9367b2c59b940ea130683428d7b698ab,Хичээлийн байр 3А,224,"Хэрэглээний шинжлэх ухаан, инженерчлэлийн сургууль",Албан ажлын өрөө,18.00,Хуваарь тавих боломжгүй,1,Проекторгүй
265a6cf9d61ccd14a23fb4f7eab9d869,Хичээлийн байр 3А,225,"Хэрэглээний шинжлэх ухаан, инженерчлэлийн сургууль",Багш нарын өрөө,35.00,Хуваарь тавих боломжгүй,6,Проекторгүй
8171a932f4b15488369f4a055f7c0350,Хичээлийн байр 3А,226,"Хэрэглээний шинжлэх ухаан, инженерчлэлийн сургууль",Албан ажлын өрөө,18.00,Хуваарь тавих боломжгүй,3,Проекторгүй
4818bea690d9baf111994c055ac4e16b,Хичээлийн байр 3А,227,"Хэрэглээний шинжлэх ухаан, инженерчлэлийн сургууль",Лаборатори,53.00,Харъяа сургуульд,30,Проектортой
07265dd0ef27fbdf363711bd4c818171,Хичээлийн байр 3А,228,"Хэрэглээний шинжлэх ухаан, инженерчлэлийн сургууль",Багш нарын өрөө,34.00,Хуваарь тавих боломжгүй,6,Проекторгүй
7bf1858537e414c9b8332f115098c4b5,Хичээлийн байр 3А,229,"Хэрэглээний шинжлэх ухаан, инженерчлэлийн сургууль",Багш нарын өрөө,18.00,Хуваарь тавих боломжгүй,4,Проекторгүй
be07fbd08480ad9e77614bfb3cb658b9,Хичээлийн байр 3А,230,"Хэрэглээний шинжлэх ухаан, инженерчлэлийн сургууль",Албан ажлын өрөө,37.00,Хуваарь тавих боломжгүй,2,Проекторгүй
522ead8015783fd90db7bcb0c0248276,Хичээлийн байр 3А,231,"Хэрэглээний шинжлэх ухаан, инженерчлэлийн сургууль",Анги,50.00,Харъяа сургуульд,48,Проектортой
729a967ccd0933bfb639186f80589594,Хичээлийн байр 3А,301,"Хэрэглээний шинжлэх ухаан, инженерчлэлийн сургууль",Албан ажлын өрөө,30.00,Хуваарь тавих боломжгүй,5,Проекторгүй
7872bb2fc3dc070e342635b2e037a0a3,Хичээлийн байр 3А,302,"Хэрэглээний шинжлэх ухаан, инженерчлэлийн сургууль",Багш нарын өрөө,35.00,Хуваарь тавих боломжгүй,10,Проекторгүй
61804866e819b5a981b1d7a25e5e39d7,Хичээлийн байр 3А,303,"Хэрэглээний шинжлэх ухаан, инженерчлэлийн сургууль",Анги,63.00,Харъяа сургуульд,53,Проектортой
dd90e5ba799a904f908b37e633186b14,Хичээлийн байр 3А,304,"Хэрэглээний шинжлэх ухаан, инженерчлэлийн сургууль",Багш нарын өрөө,18.00,Хуваарь тавих боломжгүй,3,Проекторгүй
41667cf288361594a597776b31fe16bc,Хичээлийн байр 3А,305,"Хэрэглээний шинжлэх ухаан, инженерчлэлийн сургууль",Анги,35.00,Харъяа сургуульд,30,Проекторгүй
dd41f07ba089997db359ecea6b6bd82d,Хичээлийн байр 3А,306,"Хэрэглээний шинжлэх ухаан, инженерчлэлийн сургууль",Багш нарын өрөө,18.00,Хуваарь тавих боломжгүй,4,Проекторгүй
4b0469b376193c8783c7a5774aca70b6,Хичээлийн байр 3А,307,"Хэрэглээний шинжлэх ухаан, инженерчлэлийн сургууль",Багш нарын өрөө,18.00,Хуваарь тавих боломжгүй,2,Проекторгүй
13dde1ff2d784661f1a8b82557347b10,Хичээлийн байр 3А,308,"Хэрэглээний шинжлэх ухаан, инженерчлэлийн сургууль",Багш нарын өрөө,18.00,Хуваарь тавих боломжгүй,2,Проекторгүй
c62144b22ce8a3531ab5dbb1c7795d64,Хичээлийн байр 3А,309,"Хэрэглээний шинжлэх ухаан, инженерчлэлийн сургууль",Анги,35.00,Харъяа сургуульд,30,Проекторгүй
ffcc8f1c5e3fd9168c69618a80522a7a,Хичээлийн байр 3А,310,"Хэрэглээний шинжлэх ухаан, инженерчлэлийн сургууль",Анги,53.00,Харъяа сургуульд,52,Проектортой
d743dbd3446ade7fcd215ca67e26e40b,Хичээлийн байр 3А,311,"Хэрэглээний шинжлэх ухаан, инженерчлэлийн сургууль",Багш нарын өрөө,35.00,Хуваарь тавих боломжгүй,4,Проекторгүй
84cfd3d1bccbebe406d9eb955be4458c,Хичээлийн байр 3А,312,"Хэрэглээний шинжлэх ухаан, инженерчлэлийн сургууль",Багш нарын өрөө,18.00,Хуваарь тавих боломжгүй,1,Проекторгүй
19b972c29cf98761f8b050da471714dc,Хичээлийн байр 3А,313,"Хэрэглээний шинжлэх ухаан, инженерчлэлийн сургууль",Албан ажлын өрөө,18.00,Хуваарь тавих боломжгүй,3,Проекторгүй
ecc65163988dde4a47c62744d1f4c320,Хичээлийн байр 3А,314,"Хэрэглээний шинжлэх ухаан, инженерчлэлийн сургууль",Багш нарын өрөө,14.00,Хуваарь тавих боломжгүй,3,Проекторгүй
f4e30f0d93426d7c025dffb1fa190da9,Хичээлийн байр 3А,315,"Хэрэглээний шинжлэх ухаан, инженерчлэлийн сургууль",Багш нарын өрөө,18.00,Хуваарь тавих боломжгүй,2,Проекторгүй
8e89a4c8a2ccf39dbd6ff7a7004e00f9,Хичээлийн байр 3А,316,"Хэрэглээний шинжлэх ухаан, инженерчлэлийн сургууль",Багш нарын өрөө,31.00,Хуваарь тавих боломжгүй,8,Проекторгүй
1c2160c1376036260545c94cd9581fec,Хичээлийн байр 3А,317,"Хэрэглээний шинжлэх ухаан, инженерчлэлийн сургууль",Анги,37.00,Харъяа сургуульд,32,Проекторгүй
ec76f2b3b61fe5198d2b0d85d06498b3,Хичээлийн байр 5,102,"Хэрэглээний шинжлэх ухаан, инженерчлэлийн сургууль",Анги,36.00,МУИС-н хэмжээнд,31,Проекторгүй
b508a67872cc26bad313645455f53dc2,Хичээлийн байр 5,104,"Хэрэглээний шинжлэх ухаан, инженерчлэлийн сургууль",Анги,18.00,МУИС-н хэмжээнд,24,Проектортой
44e16cc66741dfdc94a300287d3391c3,Хичээлийн байр 5,105,"Хэрэглээний шинжлэх ухаан, инженерчлэлийн сургууль",Албан ажлын өрөө,18.00,Хуваарь тавих боломжгүй,5,Проекторгүй
6514b2f0b172d70d6354c44859debf40,Хичээлийн байр 5,106,"Хэрэглээний шинжлэх ухаан, инженерчлэлийн сургууль",Албан ажлын өрөө,72.00,Хуваарь тавих боломжгүй,1,Проектортой
dd1f7201164031b68f1e97c6579dd5b7,Цөмийн судалгааны төв,ЦСТ-102,"Хэрэглээний шинжлэх ухаан, инженерчлэлийн сургууль",Лаборатори,123.00,Харъяа сургуульд,15,Проекторгүй
fde379d945bfaceb320a7398bba324e6,Цөмийн судалгааны төв,ЦСТ-104,"Хэрэглээний шинжлэх ухаан, инженерчлэлийн сургууль",Лаборатори,123.00,Харъяа сургуульд,15,Проекторгүй
f0df4303678e8c867abd974d1b3df938,Цөмийн судалгааны төв,ЦСТ-107,"Хэрэглээний шинжлэх ухаан, инженерчлэлийн сургууль",Анги,123.00,Харъяа сургуульд,60,Проекторгүй
cd0918a7ed179901b21cd4f33f1e4a0a,Цөмийн судалгааны төв,ЦСТ-108,"Хэрэглээний шинжлэх ухаан, инженерчлэлийн сургууль",Лаборатори,123.00,Харъяа сургуульд,15,Проекторгүй
8d720389500b51c9e39e0849ff47b635,Цөмийн судалгааны төв,ЦСТ-206,"Хэрэглээний шинжлэх ухаан, инженерчлэлийн сургууль",Лаборатори,123.00,Харъяа сургуульд,15,Проекторгүй
96010ea7c7ed524cc180b3d9e90502ad,Цөмийн судалгааны төв,ЦСТ-208,"Хэрэглээний шинжлэх ухаан, инженерчлэлийн сургууль",Анги,123.00,Харъяа сургуульд,32,Проекторгүй
18f8c92660223a87e961fb7a2093f17d,Хичээлийн байр 2,100,Шинжлэх ухааны сургууль,Анги,30.00,Харъяа сургуульд,38,Проектортой
2254fa1db598fae232dbac449c86ebe9,Хичээлийн байр 2,101,Шинжлэх ухааны сургууль,Номын сан,25.00,Хуваарь тавих боломжгүй,0,Проекторгүй
2f1c4a52edeeee253ff8e1a8536e936e,Хичээлийн байр 2,102,Шинжлэх ухааны сургууль,Агуулах,18.00,Хуваарь тавих боломжгүй,2,Проекторгүй
fbc6dc251ca80509e4cb647fb0a7cd3b,Хичээлийн байр 2,103,Шинжлэх ухааны сургууль,Агуулах,25.00,Хуваарь тавих боломжгүй,2,Проекторгүй
ff9b497c736f82c0281488f763a80ede,Хичээлийн байр 2,104,Шинжлэх ухааны сургууль,Лекцийн заал,110.00,МУИС-н хэмжээнд,150,Проектортой
0e645cfe052cb95e6a1048e71acbc273,Хичээлийн байр 2,105,Шинжлэх ухааны сургууль,Албан ажлын өрөө,55.00,Хуваарь тавих боломжгүй,4,Проекторгүй
e3a73c7ef85300d3e24a2872d67cba8a,Хичээлийн байр 2,106,Шинжлэх ухааны сургууль,Багш нарын өрөө,35.00,Хуваарь тавих боломжгүй,3,Проекторгүй
e64ca81dee94c2ec6ba46f86b501e687,Хичээлийн байр 2,107,Шинжлэх ухааны сургууль,Албан ажлын өрөө,36.00,Хуваарь тавих боломжгүй,3,Проекторгүй
720556fd0ac4b86e317dd97f1927cd93,Хичээлийн байр 2,108,Шинжлэх ухааны сургууль,Хичээлийн танхим,55.00,Харъяа сургуульд,40,Проекторгүй
1de7e70567bc8b857c0f890fe4f60945,Хичээлийн байр 2,109,Шинжлэх ухааны сургууль,Албан ажлын өрөө,73.00,Хуваарь тавих боломжгүй,9,Проекторгүй
0bc41b6567b59dd110c51496ba8c765f,Хичээлийн байр 2,110,Шинжлэх ухааны сургууль,Албан ажлын өрөө,55.00,Хуваарь тавих боломжгүй,6,Проекторгүй
8b4fed685481f5543fff4b65130158ab,Хичээлийн байр 2,111,Шинжлэх ухааны сургууль,Багш нарын өрөө,17.00,Хуваарь тавих боломжгүй,3,Проекторгүй
194ddb568c1ab4f1d326557e237877cf,Хичээлийн байр 2,112,Шинжлэх ухааны сургууль,Анги,37.00,Харъяа сургуульд,30,Проектортой
86b33b8cbf149d158a631d7061d1b3cb,Хичээлийн байр 2,113,Шинжлэх ухааны сургууль,Анги,37.00,Харъяа сургуульд,28,Проектортой
6ec6fd5aaff111b259b1607bc2ced09e,Хичээлийн байр 2,114,Шинжлэх ухааны сургууль,Анги,73.00,Харъяа сургуульд,70,Проектортой
f4449517e64bee5a9521d46853e57596,Хичээлийн байр 2,115,Шинжлэх ухааны сургууль,Багш нарын өрөө,15.00,Хуваарь тавих боломжгүй,2,Проекторгүй
5b7a8a26fe4825074fd50b666183e430,Хичээлийн байр 2,116,Шинжлэх ухааны сургууль,Лаборатори,57.00,Харъяа сургуульд,14,Проекторгүй
ccc3bd5043b06c073cd3cc0b00c04b20,Хичээлийн байр 2,117,Шинжлэх ухааны сургууль,Лаборатори,55.00,Харъяа сургуульд,10,Проекторгүй
c6abc6b80853930db6b2299e8f09779e,Хичээлийн байр 2,118,Шинжлэх ухааны сургууль,Лаборатори,54.00,Харъяа сургуульд,12,Проекторгүй
46a4a7acb0c17725932f3f95d1718a64,Хичээлийн байр 2,119,Шинжлэх ухааны сургууль,Анги,36.00,Харъяа сургуульд,14,Проекторгүй
51f9fb993d61c26a82cc2a589a9d9618,Хичээлийн байр 2,120,Шинжлэх ухааны сургууль,Лаборатори,36.00,МУИС-н хэмжээнд,15,Проекторгүй
a423c4439c62919713d8197a59b77536,Хичээлийн байр 2,121,Шинжлэх ухааны сургууль,Багш нарын өрөө,19.00,Хуваарь тавих боломжгүй,2,Проекторгүй
e9ddd1d84f9cf77ffa248461821f69d9,Хичээлийн байр 2,122,Шинжлэх ухааны сургууль,Багш нарын өрөө,16.00,Хуваарь тавих боломжгүй,2,Проекторгүй
0ac5c0fe3afb1e7f190bab8f0826a378,Хичээлийн байр 2,123,Шинжлэх ухааны сургууль,Багш нарын өрөө,14.00,Хуваарь тавих боломжгүй,1,Проекторгүй
63187ed8cfaae89838b4bc0258797ef3,Хичээлийн байр 2,124,Шинжлэх ухааны сургууль,Хичээлийн танхим,55.00,Харъяа сургуульд,38,Проектортой
4356cd1103544da121529f786edba12d,Хичээлийн байр 2,125,Шинжлэх ухааны сургууль,Албан ажлын өрөө,18.00,Хуваарь тавих боломжгүй,3,Проекторгүй
bee6f0b950d3708cb4ff07ad19f4eaa4,Хичээлийн байр 2,126,Шинжлэх ухааны сургууль,Анги,34.00,Харъяа сургуульд,31,Проектортой
b5bc1b1b5a44222e02f27c3fe8fcfb33,Хичээлийн байр 2,127,Шинжлэх ухааны сургууль,Анги,29.00,МУИС-н хэмжээнд,25,Проектортой
63e669226e25db0606501b555cf35a29,Хичээлийн байр 2,128,Шинжлэх ухааны сургууль,Анги,76.00,Харъяа сургуульд,80,Проектортой
ee493151bfea5d56c9c6ba2cd705eb10,Хичээлийн байр 2,129,Шинжлэх ухааны сургууль,Албан ажлын өрөө,18.00,Хуваарь тавих боломжгүй,2,Проекторгүй
54acab41d2bbfc43ba6dfa3c682e4572,Хичээлийн байр 2,130,Шинжлэх ухааны сургууль,Багш нарын өрөө,56.00,Хуваарь тавих боломжгүй,8,Проекторгүй
8afb2ed143f3423d8c891762a4210d7d,Хичээлийн байр 2,131,Шинжлэх ухааны сургууль,Анги,35.00,Харъяа сургуульд,32,Проектортой
26494699747385315823e389369ac68e,Хичээлийн байр 2,132,Шинжлэх ухааны сургууль,Анги,55.00,Харъяа сургуульд,40,Проектортой
7c4958f60ac4ed1e2438bf3eee3d9988,Хичээлийн байр 2,133,Шинжлэх ухааны сургууль,Анги,69.00,Харъяа сургуульд,32,Проектортой
41d42988c0ada5999994408429413283,Хичээлийн байр 2,134,Шинжлэх ухааны сургууль,Албан ажлын өрөө,16.00,Хуваарь тавих боломжгүй,1,Проекторгүй
8f4f5dfb83d1ba23313c80a2804bc75b,Хичээлийн байр 2,135,Шинжлэх ухааны сургууль,Анги,61.00,МУИС-н хэмжээнд,46,Проектортой
d0d660d752d01be209cdcbf826a9aeaa,Хичээлийн байр 2,136а,Шинжлэх ухааны сургууль,Албан ажлын өрөө,18.00,Хуваарь тавих боломжгүй,1,Проекторгүй
96d9c945ce64f08eb9d51932753a841e,Хичээлийн байр 2,136б,Шинжлэх ухааны сургууль,Албан ажлын өрөө,18.00,Хуваарь тавих боломжгүй,1,Проекторгүй
2d05c501c558ed8daf48c3c85eb27651,Хичээлийн байр 2,136в,Шинжлэх ухааны сургууль,Лаборатори,44.00,МУИС-н хэмжээнд,20,Проекторгүй
cd15e4a05506ef3a9fe30b98abfcd713,Хичээлийн байр 2,136г,Шинжлэх ухааны сургууль,Лаборатори,24.00,Харъяа сургуульд,15,Проекторгүй
950ebba959c2d60db7bde0b944838f8b,Хичээлийн байр 2,136д,Шинжлэх ухааны сургууль,Албан ажлын өрөө,20.00,Хуваарь тавих боломжгүй,1,Проекторгүй
a2341c96d5db63c8db9bc2329eb1183a,Хичээлийн байр 2,136е,Шинжлэх ухааны сургууль,Лаборатори,52.00,Харъяа сургуульд,15,Проектортой
c95e31d5892805713c9a0dd1ef0c6371,Хичээлийн байр 2,136ж,Шинжлэх ухааны сургууль,Албан ажлын өрөө,52.00,Хуваарь тавих боломжгүй,1,Проекторгүй
017fcee22ce1310cb04eceae02ea99a5,Хичээлийн байр 2,136з,Шинжлэх ухааны сургууль,Лаборатори,40.00,Харъяа сургуульд,14,Проекторгүй
dfb7cdfcb59c959b46735c648540fdaf,Хичээлийн байр 2,136и,Шинжлэх ухааны сургууль,Албан ажлын өрөө,24.00,Хуваарь тавих боломжгүй,2,Проекторгүй
8d60ea574f45b02f6a83c9ac5f8a7eee,Хичээлийн байр 2,136к,Шинжлэх ухааны сургууль,Лаборатори,18.00,Харъяа сургуульд,8,Проекторгүй
f345498dfa47cb3ba3cf383effbcf261,Хичээлийн байр 2,137,Шинжлэх ухааны сургууль,Багш нарын өрөө,19.00,Хуваарь тавих боломжгүй,3,Проекторгүй
62b4c6b46dcef335e741e2139dac81e3,Хичээлийн байр 2,138а,Шинжлэх ухааны сургууль,Лаборатори,58.00,Харъяа сургуульд,40,Проектортой
cfa58c5727a803df4bab2478fecc7d3c,Хичээлийн байр 2,138б,Шинжлэх ухааны сургууль,Албан ажлын өрөө,36.00,Хуваарь тавих боломжгүй,3,Проекторгүй
5fc8de20af696320d152de4ff9cdbaca,Хичээлийн байр 2,138в,Шинжлэх ухааны сургууль,Лаборатори,16.00,Харъяа сургуульд,30,Проекторгүй
d4d97213f282104e9863e4ec6755b55c,Хичээлийн байр 2,171 а,Шинжлэх ухааны сургууль,Албан ажлын өрөө,16.00,Хуваарь тавих боломжгүй,1,Проекторгүй
3f7341788a1985158093c42519245154,Хичээлийн байр 2,200,Шинжлэх ухааны сургууль,Анги,56.00,Харъяа сургуульд,42,Проекторгүй
19d580cd9ae2e0f9edf9c052b2f0bdac,Хичээлийн байр 2,201,Шинжлэх ухааны сургууль,Албан ажлын өрөө,24.00,Хуваарь тавих боломжгүй,4,Проекторгүй
2cdaa7c4dcc8b5ef6636b34e6c56e237,Хичээлийн байр 2,202,Шинжлэх ухааны сургууль,Анги,31.00,Харъяа сургуульд,26,Проектортой
410713ad560fd0536c59451cdf3c2d5c,Хичээлийн байр 2,203,Шинжлэх ухааны сургууль,Багш нарын өрөө,56.00,Хуваарь тавих боломжгүй,14,Проекторгүй
8547fab5702ed9164246a0b325f9eed3,Хичээлийн байр 2,204,Шинжлэх ухааны сургууль,Багш нарын өрөө,43.00,Хуваарь тавих боломжгүй,8,Проекторгүй
86f90bfa42607253da1806534d9b0d8b,Хичээлийн байр 2,205,Шинжлэх ухааны сургууль,Багш нарын өрөө,56.00,Хуваарь тавих боломжгүй,13,Проекторгүй
af84d270c2125d1bf0da4a32ddd8e11f,Хичээлийн байр 2,206,Шинжлэх ухааны сургууль,Багш нарын өрөө,55.00,Хуваарь тавих боломжгүй,11,Проекторгүй
73548f4feffcaf63ec60b9728d157317,Хичээлийн байр 2,207,Шинжлэх ухааны сургууль,Анги,32.00,Харъяа сургуульд,31,Проектортой
ea88c5b4cb8fda7a6fec9bb8a9e84adb,Хичээлийн байр 2,208,Шинжлэх ухааны сургууль,Анги,56.00,Харъяа сургуульд,44,Проектортой
311636702993c81007508e10a541ea04,Хичээлийн байр 2,209,Шинжлэх ухааны сургууль,Анги,56.00,Харъяа сургуульд,41,Проектортой
6cc5541f59039b657cdc0f49c6c23180,Хичээлийн байр 2,210,Шинжлэх ухааны сургууль,Албан ажлын өрөө,56.00,Хуваарь тавих боломжгүй,10,Проекторгүй
6f89ec9d8d8a20f82306dcc6a4929664,Хичээлийн байр 2,211,Шинжлэх ухааны сургууль,Анги,56.00,Харъяа сургуульд,40,Проектортой
10979ffe3a1c5db6391cee1eb37183e5,Хичээлийн байр 2,212,Шинжлэх ухааны сургууль,Багш нарын өрөө,17.00,Хуваарь тавих боломжгүй,1,Проекторгүй
8ffb2cc5ca21a73f635ccfac8f713bcc,Хичээлийн байр 2,213A,Шинжлэх ухааны сургууль,Анги,68.00,Харъяа сургуульд,26,Проекторгүй
50900bed2106e17e0e940d942a07eedf,Хичээлийн байр 2,213Б,Шинжлэх ухааны сургууль,Албан ажлын өрөө,17.00,Хуваарь тавих боломжгүй,2,Проекторгүй
542b22e0bf212da0cd44e5d16053c4c4,Хичээлийн байр 2,213В,Шинжлэх ухааны сургууль,Багш нарын өрөө,17.00,Хуваарь тавих боломжгүй,3,Проекторгүй
fd020e94d0552fdaaf57fc1c476febe3,Хичээлийн байр 2,213Г,Шинжлэх ухааны сургууль,Албан ажлын өрөө,34.00,Хуваарь тавих боломжгүй,3,Проекторгүй
9047220198b917be03add53e48368e69,Хичээлийн байр 2,213Д,Шинжлэх ухааны сургууль,Лаборатори,43.00,Харъяа сургуульд,10,Проекторгүй
4121dce22371076cb30dd397318198be,Хичээлийн байр 2,213Е,Шинжлэх ухааны сургууль,Албан ажлын өрөө,17.00,Хуваарь тавих боломжгүй,1,Проекторгүй
ec519212863160c99039f6b28a307f75,Хичээлийн байр 2,213Ж,Шинжлэх ухааны сургууль,Лаборатори,38.00,Харъяа сургуульд,15,Проекторгүй
ccd34cd644db9826bd555aec4cdb6588,Хичээлийн байр 2,213З,Шинжлэх ухааны сургууль,Лаборатори,60.00,Харъяа сургуульд,15,Проекторгүй
7e47036d4e125e0584cce88824078254,Хичээлийн байр 2,213И,Шинжлэх ухааны сургууль,Лаборатори,34.00,Харъяа сургуульд,15,Проекторгүй
b3f6eb1ec0a6038671d36775f48ac01f,Хичээлийн байр 2,213К,Шинжлэх ухааны сургууль,Багш нарын өрөө,17.00,Хуваарь тавих боломжгүй,2,Проекторгүй
c6b5873556e0ebc8b0237f29c085cff7,Хичээлийн байр 2,213Л,Шинжлэх ухааны сургууль,Лаборатори,34.00,Харъяа сургуульд,15,Проекторгүй
4a1ad040d1efcc20cf13075c744fd108,Хичээлийн байр 2,213М,Шинжлэх ухааны сургууль,Багш нарын өрөө,17.00,Хуваарь тавих боломжгүй,1,Проекторгүй
26733212a1c26cf6d49d9c81cbb390f6,Хичээлийн байр 2,214,Шинжлэх ухааны сургууль,Албан ажлын өрөө,32.00,Хуваарь тавих боломжгүй,1,Проекторгүй
6ddbcc4f87ed77eae947b17143b96e3d,Хичээлийн байр 2,216,Шинжлэх ухааны сургууль,Хичээлийн танхим,56.00,Харъяа сургуульд,40,Проекторгүй
824accbe8af3cdae8fa112524b4772e2,Хичээлийн байр 2,217,Шинжлэх ухааны сургууль,Албан ажлын өрөө,24.00,Хуваарь тавих боломжгүй,1,Проекторгүй
f1ca6f000aa645542fbc27bbebb0a907,Хичээлийн байр 2,218,Шинжлэх ухааны сургууль,Анги,30.00,Харъяа сургуульд,30,Проектортой
aaf9a408e58d9749e9162d3fafe1e10e,Хичээлийн байр 2,219,Шинжлэх ухааны сургууль,Анги,74.00,Харъяа сургуульд,75,Проектортой
910fb6051c776c231f34075dac4dfa0b,Хичээлийн байр 2,221,Шинжлэх ухааны сургууль,Албан ажлын өрөө,36.00,Хуваарь тавих боломжгүй,2,Проекторгүй
febf9e369576b91977b160065d9cb675,Хичээлийн байр 2,222,Шинжлэх ухааны сургууль,Багш нарын өрөө,55.00,Хуваарь тавих боломжгүй,9,Проекторгүй
837643c249d20efd76711ccdae401544,Хичээлийн байр 2,223,Шинжлэх ухааны сургууль,Лаборатори,60.00,Харъяа сургуульд,40,Проектортой
d48225521fe25e12b855445048b3d9a2,Хичээлийн байр 2,224,Шинжлэх ухааны сургууль,Багш нарын өрөө,55.00,Хуваарь тавих боломжгүй,8,Проекторгүй
df927a5476e7577f6efc4352c7ab6792,Хичээлийн байр 2,225,Шинжлэх ухааны сургууль,Багш нарын өрөө,55.00,Хуваарь тавих боломжгүй,8,Проекторгүй
6dcbe702894b9305c7fdcad156eb5fc6,Хичээлийн байр 2,226,Шинжлэх ухааны сургууль,Багш нарын өрөө,58.00,Хуваарь тавих боломжгүй,10,Проекторгүй
574b5db13169e3dbdb3d4c1f6db3a96b,Хичээлийн байр 2,227,Шинжлэх ухааны сургууль,Багш нарын өрөө,52.00,Хуваарь тавих боломжгүй,8,Проекторгүй
5e64a899ced2048664cb75f0dc0d3f93,Хичээлийн байр 2,228,Шинжлэх ухааны сургууль,Анги,57.00,Харъяа сургуульд,53,Проектортой
9b1032fe23ea0dba28ab5e2a204c00ad,Хичээлийн байр 2,229,Шинжлэх ухааны сургууль,Багш нарын өрөө,30.00,Хуваарь тавих боломжгүй,2,Проекторгүй
78fd5c23a360a06308d41886e6f269cc,Хичээлийн байр 2,230,Шинжлэх ухааны сургууль,Анги,56.00,Харъяа сургуульд,35,Проектортой
20f450bcdbfad70f3410fa33713a0540,Хичээлийн байр 2,231,Шинжлэх ухааны сургууль,Анги,56.00,Харъяа сургуульд,38,Проектортой
f72f9db89266fd640798fd2bb3555153,Хичээлийн байр 2,233,Шинжлэх ухааны сургууль,Багш нарын өрөө,17.00,Хуваарь тавих боломжгүй,10,Проекторгүй
c0a8d9d31761d03a773ce97502414a32,Хичээлийн байр 2,234,Шинжлэх ухааны сургууль,Багш нарын өрөө,58.00,Хуваарь тавих боломжгүй,10,Проекторгүй
129964680ca6ce2c2d1bdcf58fdd0723,Хичээлийн байр 2,235,Шинжлэх ухааны сургууль,Анги,19.00,Харъяа сургуульд,31,Проектортой
6d742539138c97fb1ac0f61545ba1d10,Хичээлийн байр 2,236,Шинжлэх ухааны сургууль,Анги,52.00,Харъяа сургуульд,31,Проектортой
5851155ade5ac26c8481489decde7ab8,Хичээлийн байр 2,237,Шинжлэх ухааны сургууль,Багш нарын өрөө,58.00,Хуваарь тавих боломжгүй,8,Проекторгүй
0d814a3d4f4d54e86ab4b1ea169dca02,Хичээлийн байр 2,238,Шинжлэх ухааны сургууль,Албан ажлын өрөө,20.00,Хуваарь тавих боломжгүй,5,Проектортой
00775999f680f67bbbc10765eb7426a4,Хичээлийн байр 2,239,Шинжлэх ухааны сургууль,Лаборатори,19.00,Харъяа сургуульд,15,Проекторгүй
87ca6c6140b86a1eacba6d81d2eb8570,Хичээлийн байр 2,240,Шинжлэх ухааны сургууль,Багш нарын өрөө,17.00,Хуваарь тавих боломжгүй,2,Проекторгүй
07c3049ae77dbceaaacecbd8511e96dd,Хичээлийн байр 2,300,Шинжлэх ухааны сургууль,Албан ажлын өрөө,24.00,Хуваарь тавих боломжгүй,4,Проекторгүй
26ce67ed2bae1977b940cbdfc04d75a0,Хичээлийн байр 2,301,Шинжлэх ухааны сургууль,Багш нарын өрөө,56.00,Хуваарь тавих боломжгүй,11,Проекторгүй
d8509b41443b3c7623a2a7776856db58,Хичээлийн байр 2,302,Шинжлэх ухааны сургууль,Лаборатори,31.00,МУИС-н хэмжээнд,33,Проектортой
bcce48f03df6089cb333f8e1a90698c5,Хичээлийн байр 2,303,Шинжлэх ухааны сургууль,Анги,44.00,Харъяа сургуульд,20,Проектортой
a2f1479586cd0cf2f48527fb5614603c,Хичээлийн байр 2,304,Шинжлэх ухааны сургууль,Багш нарын өрөө,56.00,Хуваарь тавих боломжгүй,10,Проекторгүй
1291582d9aeb29e9c361ae67d76ec991,Хичээлийн байр 2,305,Шинжлэх ухааны сургууль,Багш нарын өрөө,56.00,Хуваарь тавих боломжгүй,7,Проекторгүй
947b1fbfb3454f60983ac8172151ed21,Хичээлийн байр 2,306,Шинжлэх ухааны сургууль,Анги,56.00,МУИС-н хэмжээнд,34,Проектортой
c60987b384947065d5093ac1bd5fb7bc,Хичээлийн байр 2,307а,Шинжлэх ухааны сургууль,Багш нарын өрөө,357.00,Хуваарь тавих боломжгүй,11,Проекторгүй
1e1b898d2aaa127d13541a1f9b48b9c6,Хичээлийн байр 2,307б,Шинжлэх ухааны сургууль,Албан ажлын өрөө,58.00,Хуваарь тавих боломжгүй,10,Проекторгүй
0b611742b1137be5552b20ba50cb54e5,Хичээлийн байр 2,307в,Шинжлэх ухааны сургууль,Албан ажлын өрөө,582.00,Хуваарь тавих боломжгүй,11,Проекторгүй
d3b894108c5eecb9c296c88b057ae8d7,Хичээлийн байр 2,307г,Шинжлэх ухааны сургууль,Албан ажлын өрөө,582.00,Хуваарь тавих боломжгүй,10,Проекторгүй
590f0c5153959f0354333ca35431901d,Хичээлийн байр 2,308,Шинжлэх ухааны сургууль,Албан ажлын өрөө,17.00,Хуваарь тавих боломжгүй,1,Проекторгүй
098a171eaf5df07d6bf835f5d8b3e238,Хичээлийн байр 2,309,Шинжлэх ухааны сургууль,Лаборатори,17.00,Харъяа сургуульд,12,Проекторгүй
1ab7cd6e1dcab04cdedef6ac3ff74e2c,Хичээлийн байр 2,310,Шинжлэх ухааны сургууль,Анги,33.00,Харъяа сургуульд,24,Проектортой
26aaa0dc36b5ba6aca98180f5b5c53e2,Хичээлийн байр 2,311,Шинжлэх ухааны сургууль,Анги,38.00,МУИС-н хэмжээнд,28,Проектортой
d3409fbafd2be721e2b412d8aaf093e9,Хичээлийн байр 2,312,Шинжлэх ухааны сургууль,Лаборатори,33.00,Харъяа сургуульд,12,Проекторгүй
b4085384915804b4e0817991bf05b49e,Хичээлийн байр 2,313,Шинжлэх ухааны сургууль,Багш нарын өрөө,34.00,Хуваарь тавих боломжгүй,3,Проекторгүй
340bf17e7d87d304c88a6bfc18730a9d,Хичээлийн байр 2,314,Шинжлэх ухааны сургууль,Анги,68.00,Харъяа сургуульд,62,Проектортой
37d278ce00b8104d1ede8d952d5abc83,Хичээлийн байр 2,315,Шинжлэх ухааны сургууль,Лаборатори,33.00,Харъяа сургуульд,12,Проекторгүй
0fab36b2b9ec95408d722ccdcdf261f2,Хичээлийн байр 2,316,Шинжлэх ухааны сургууль,Анги,34.00,Харъяа сургуульд,32,Проектортой
6d8157c4adba098cfd00963948c1b842,Хичээлийн байр 2,317,Шинжлэх ухааны сургууль,Албан ажлын өрөө,18.00,Хуваарь тавих боломжгүй,1,Проекторгүй
4cb5d96f2d0915fe1adc7a9858c1b278,Хичээлийн байр 2,318,Шинжлэх ухааны сургууль,Анги,67.00,Харъяа сургуульд,54,Проектортой
93b4c2c49a09da85f4f7f5b1c36c8b76,Хичээлийн байр 2,319,Шинжлэх ухааны сургууль,Багш нарын өрөө,33.00,Хуваарь тавих боломжгүй,4,Проекторгүй
b0cb110621e2a8f1b60be640e3b755a3,Хичээлийн байр 2,320,Шинжлэх ухааны сургууль,Багш нарын өрөө,16.00,Хуваарь тавих боломжгүй,2,Проекторгүй
ddd656d9726e2ad4451f98322b2863af,Хичээлийн байр 2,321,Шинжлэх ухааны сургууль,Албан ажлын өрөө,17.00,Хуваарь тавих боломжгүй,3,Проекторгүй
af65dcdd5ea506dd3bf5cceb2ffd1528,Хичээлийн байр 2,322,Шинжлэх ухааны сургууль,Албан ажлын өрөө,25.00,Хуваарь тавих боломжгүй,4,Проекторгүй
e9fabff7868b2f2b645963e841cc6e41,Хичээлийн байр 2,323,Шинжлэх ухааны сургууль,Албан ажлын өрөө,31.00,Хуваарь тавих боломжгүй,4,Проекторгүй
51bc08587c3a6afee7b0af94e0ac8b78,Хичээлийн байр 2,324,Шинжлэх ухааны сургууль,Албан ажлын өрөө,123.00,Хуваарь тавих боломжгүй,1,Проекторгүй
e1d526f07cedcca399426cb8e3d5d10d,Хичээлийн байр 2,325,Шинжлэх ухааны сургууль,Багш нарын өрөө,55.00,Хуваарь тавих боломжгүй,0,Проекторгүй
cc2d59aa91eb32fce2f3ffcec31d9ae2,Хичээлийн байр 2,326,Шинжлэх ухааны сургууль,Багш нарын өрөө,123.00,Хуваарь тавих боломжгүй,5,Проекторгүй
4338e3f17413c0eff85c94f49bc0c9bd,Хичээлийн байр 2,327,Шинжлэх ухааны сургууль,Анги,44.00,Харъяа сургуульд,38,Проектортой
f98d34001454d7c27d5ec018fdaa9b77,Хичээлийн байр 2,328,Шинжлэх ухааны сургууль,Анги,76.00,МУИС-н хэмжээнд,76,Проектортой
e7dca7cb358a232784696b315812cf24,Хичээлийн байр 2,329,Шинжлэх ухааны сургууль,Албан ажлын өрөө,16.00,Хуваарь тавих боломжгүй,3,Проекторгүй
b3a1d057c5d6b823725c65b467a3aa34,Хичээлийн байр 2,330,Шинжлэх ухааны сургууль,Албан ажлын өрөө,53.00,Хуваарь тавих боломжгүй,2,Проекторгүй
72ae99e4a7631b301c658a9ec4ef5810,Хичээлийн байр 2,331,Шинжлэх ухааны сургууль,Албан ажлын өрөө,16.00,Хуваарь тавих боломжгүй,2,Проекторгүй
9a4e276dbde9ef472087c1b692292cd3,Хичээлийн байр 2,332,Шинжлэх ухааны сургууль,Албан ажлын өрөө,16.00,Хуваарь тавих боломжгүй,2,Проекторгүй
aa46c2f63a55330cb8be1a124214f734,Хичээлийн байр 2,333,Шинжлэх ухааны сургууль,Албан ажлын өрөө,16.00,Хуваарь тавих боломжгүй,3,Проекторгүй
880aed160516d106f82ea5c7589dabb5,Хичээлийн байр 2,334,Шинжлэх ухааны сургууль,Лаборатори,52.00,МУИС-н хэмжээнд,17,Проектортой
26c1fad16a5c2c642df5e161964c15b2,Хичээлийн байр 2,335,Шинжлэх ухааны сургууль,Анги,52.00,Харъяа сургуульд,50,Проектортой
73c9e8b0446987b0a5a2a61ef2f0cefa,Хичээлийн байр 2,336,Шинжлэх ухааны сургууль,Анги,24.00,Харъяа сургуульд,16,Проекторгүй
5dc1709df8b1498b720fce5bc059ddcf,Хичээлийн байр 2,337,Шинжлэх ухааны сургууль,Анги,26.00,Харъяа сургуульд,20,Проекторгүй
0eea62e2b4f1499beeb59e56ac129346,Хичээлийн байр 2,338,Шинжлэх ухааны сургууль,Анги,26.00,Харъяа сургуульд,20,Проекторгүй
0260e2b158ddf0515be1cd868fdeaa08,Хичээлийн байр 2,339,Шинжлэх ухааны сургууль,Анги,24.00,Харъяа сургуульд,26,Проектортой
b86d798ddfdc96ac0192f14bd0402144,Хичээлийн байр 2,340,Шинжлэх ухааны сургууль,Анги,24.00,Харъяа сургуульд,31,Проектортой
648e0183255d4daac95cdaadd52deae7,Хичээлийн байр 2,341,Шинжлэх ухааны сургууль,Багш нарын өрөө,19.00,Хуваарь тавих боломжгүй,3,Проекторгүй
9787d0ee9d3ccffe826b81eabfd041ef,Хичээлийн байр 2,342,Шинжлэх ухааны сургууль,Анги,16.00,Харъяа сургуульд,30,Проектортой
affabc3700f060d9cc75d14e95438065,Хичээлийн байр 2,343,Шинжлэх ухааны сургууль,Лекцийн заал,123.00,МУИС-н хэмжээнд,171,Проектортой
a34b5360a91d6f8f9cbd212c30837a70,Хичээлийн байр 2,344,Шинжлэх ухааны сургууль,Албан ажлын өрөө,17.00,Хуваарь тавих боломжгүй,5,Проекторгүй
52350b7e78e6a51008724c55dbe816b4,Хичээлийн байр 2,345,Шинжлэх ухааны сургууль,Анги,38.00,Харъяа сургуульд,30,Проектортой
bc3aa7d949a715a961b529438332d275,Хичээлийн байр 2,346,Шинжлэх ухааны сургууль,Анги,33.00,Харъяа сургуульд,31,Проектортой
d230b4ba684d5247dffff6f78591ab31,Хичээлийн байр 2,400,Шинжлэх ухааны сургууль,Албан ажлын өрөө,34.00,Хуваарь тавих боломжгүй,4,Проектортой
7a09df4c849ee4691ed70ab74be45e7b,Хичээлийн байр 2,401,Шинжлэх ухааны сургууль,Багш нарын өрөө,55.00,Хуваарь тавих боломжгүй,13,Проекторгүй
7d7d2c8c39afa2aaa6d97d605d28fd3c,Хичээлийн байр 2,402,Шинжлэх ухааны сургууль,Анги,34.00,Харъяа сургуульд,30,Проектортой
666fde278154afa593a2c802c5e11596,Хичээлийн байр 2,403,Шинжлэх ухааны сургууль,Багш нарын өрөө,27.00,Хуваарь тавих боломжгүй,11,Проекторгүй
6a1f0a0003b76f326fdb11ec5ecd7ea8,Хичээлийн байр 2,404,Шинжлэх ухааны сургууль,Анги,56.00,Харъяа сургуульд,44,Проектортой
9f4c520a5e496a07de0dc430057698f5,Хичээлийн байр 2,405,Шинжлэх ухааны сургууль,Албан ажлын өрөө,27.00,Хуваарь тавих боломжгүй,5,Проекторгүй
1e20bb9f838253ddcac8fe071c0e38f2,Хичээлийн байр 2,406,Шинжлэх ухааны сургууль,Анги,52.00,Харъяа сургуульд,35,Проектортой
322644bef6baed46634b6536e37d5cf5,Хичээлийн байр 2,407,Шинжлэх ухааны сургууль,Багш нарын өрөө,52.00,Хуваарь тавих боломжгүй,3,Проекторгүй
d57e11cabded23dd249166d9fede59a9,Хичээлийн байр 2,408,Шинжлэх ухааны сургууль,Анги,45.00,Харъяа сургуульд,34,Проектортой
b9a7aad59809690870f87e8cb17297fa,Хичээлийн байр 2,409,Шинжлэх ухааны сургууль,Анги,35.00,Харъяа сургуульд,30,Проекторгүй
f32f501c3c330f33264ab14b5285ae5d,Хичээлийн байр 2,410,Шинжлэх ухааны сургууль,Анги,55.00,Харъяа сургуульд,31,Проектортой
dbc3abd35b085311813f44ad6189c9ce,Хичээлийн байр 2,411,Шинжлэх ухааны сургууль,Багш нарын өрөө,38.00,Хуваарь тавих боломжгүй,3,Проекторгүй
b7837ed529a9f001cafbd80777211a5b,Хичээлийн байр 2,412,Шинжлэх ухааны сургууль,Анги,12.00,Харъяа сургуульд,20,Проекторгүй
4e4d59ddfb4dc7726636e74eaa5ec989,Хичээлийн байр 2,413,Шинжлэх ухааны сургууль,Анги,34.00,Харъяа сургуульд,34,Проектортой
07306941fc07b9ea3cd235e876fc0528,Хичээлийн байр 2,414,Шинжлэх ухааны сургууль,Багш нарын өрөө,30.00,Хуваарь тавих боломжгүй,3,Проекторгүй
eddefb76cb7d01c7b9f6088e9a7a04d5,Хичээлийн байр 2,415,Шинжлэх ухааны сургууль,Сургалтын төв,17.00,Хуваарь тавих боломжгүй,1,Проекторгүй
bb38d1b601e765549705b14f6ae3b03e,Хичээлийн байр 2,416,Шинжлэх ухааны сургууль,Албан ажлын өрөө,51.00,Хуваарь тавих боломжгүй,5,Проекторгүй
c3d937c9aa87e673c5a354940d2cad77,Хичээлийн байр 2,417,Шинжлэх ухааны сургууль,Лаборатори,51.00,Харъяа сургуульд,12,Проекторгүй
2fa7b4e705b8ed69406157a081565dd0,Хичээлийн байр 2,418,Шинжлэх ухааны сургууль,Багш нарын өрөө,17.00,Хуваарь тавих боломжгүй,3,Проекторгүй
a7ca03ef6459009a0fdf7342c325d907,Хичээлийн байр 2,419,Шинжлэх ухааны сургууль,Багш нарын өрөө,17.00,Хуваарь тавих боломжгүй,3,Проекторгүй
bf45b7d529f087c3a2fdcb1f95919869,Хичээлийн байр 2,420,Шинжлэх ухааны сургууль,Лаборатори,33.00,Харъяа сургуульд,12,Проекторгүй
5e74b1b45d71ec551f476ea94266b28f,Хичээлийн байр 2,421,Шинжлэх ухааны сургууль,Анги,34.00,Харъяа сургуульд,24,Проектортой
553edeb5190486455469b6a0b0a33bdc,Хичээлийн байр 2,422,Шинжлэх ухааны сургууль,Лаборатори,51.00,Харъяа сургуульд,12,Проекторгүй
add55e195fcee481898e103f7e3439e2,Хичээлийн байр 2,423,Шинжлэх ухааны сургууль,Багш нарын өрөө,16.00,Хуваарь тавих боломжгүй,3,Проекторгүй
88d40dd76a5f028f60a76ab36f6841a1,Хичээлийн байр 2,424,Шинжлэх ухааны сургууль,Багш нарын өрөө,34.00,Хуваарь тавих боломжгүй,3,Проекторгүй
01382124dabeee81bbf66ed063f8d2db,Хичээлийн байр 2,425,Шинжлэх ухааны сургууль,Лаборатори,34.00,Харъяа сургуульд,15,Проектортой
af7317bbf79a06dad313175b148a08ab,Хичээлийн байр 2,426,Шинжлэх ухааны сургууль,Лаборатори,34.00,Харъяа сургуульд,15,Проекторгүй
a240cc812acc1be89d07b21e0eefb6e0,Хичээлийн байр 2,427,Шинжлэх ухааны сургууль,Лаборатори,34.00,Харъяа сургуульд,15,Проекторгүй
7367938842ef649bc6d9fd6660faf5d8,Хичээлийн байр 2,428,Шинжлэх ухааны сургууль,Сургалтын төв,123.00,Хуваарь тавих боломжгүй,1,Проекторгүй
8b169fdb724e4f2acc06aa59ae652efd,Хичээлийн байр 2,429,Шинжлэх ухааны сургууль,Багш нарын өрөө,29.00,Хуваарь тавих боломжгүй,3,Проекторгүй
881323a504b1587c0e4270337b0250f0,Хичээлийн байр 2,430,Шинжлэх ухааны сургууль,Анги,24.00,Харъяа сургуульд,20,Проектортой
2f04a1915a7e686ffa9adf8fe5442e42,Хичээлийн байр 2,431,Шинжлэх ухааны сургууль,Багш нарын өрөө,17.00,Хуваарь тавих боломжгүй,2,Проекторгүй
9f1e92a22738c5bf7c3bdfb15ecc5143,Хичээлийн байр 2,432,Шинжлэх ухааны сургууль,Багш нарын өрөө,32.00,Хуваарь тавих боломжгүй,0,Проекторгүй
d38b2d17b810045c9702e149fb402806,Хичээлийн байр 2,433,Шинжлэх ухааны сургууль,Анги,57.00,Харъяа сургуульд,46,Проектортой
288f20f4faad7ed3ef34b7ffddb7fa92,Хичээлийн байр 2,434,Шинжлэх ухааны сургууль,Анги,51.00,Харъяа сургуульд,42,Проектортой
80df9eef41b448e54d4a76e2295d7fdc,Хичээлийн байр 2,435,Шинжлэх ухааны сургууль,Албан ажлын өрөө,57.00,Хуваарь тавих боломжгүй,2,Проекторгүй
d33c09e0505e36cea0154ad82689eef7,Хичээлийн байр 2,436,Шинжлэх ухааны сургууль,Анги,55.00,Харъяа сургуульд,42,Проектортой
9e2c078c7ab76bf619ffb9ae99d8ee94,Хичээлийн байр 2,437,Шинжлэх ухааны сургууль,Анги,37.00,Харъяа сургуульд,32,Проектортой
f0c2ff6522a18eda725468407a491778,Хичээлийн байр 2,438,Шинжлэх ухааны сургууль,Анги,16.00,Харъяа сургуульд,18,Проекторгүй
cd4cb322270de114021d048acd7da5b0,Хичээлийн байр 2,439,Шинжлэх ухааны сургууль,Албан ажлын өрөө,55.00,Хуваарь тавих боломжгүй,10,Проектортой
bba066a667131e4214f506b97fc73de0,Хичээлийн байр 2,440,Шинжлэх ухааны сургууль,Анги,123.00,Харъяа сургуульд,22,Проектортой
4e04de1ad07362679fce094f3d78a570,Хичээлийн байр 2,441,Шинжлэх ухааны сургууль,Албан ажлын өрөө,30.00,Хуваарь тавих боломжгүй,1,Проекторгүй
ae094a4aed52b56b8f316432467a3530,Хичээлийн байр 2,442,Шинжлэх ухааны сургууль,Хичээлийн танхим,52.00,Харъяа сургуульд,42,Проектортой
d864ae1219455ef02ae591e96ff64ee0,Хичээлийн байр 2,443,Шинжлэх ухааны сургууль,Албан ажлын өрөө,17.00,Хуваарь тавих боломжгүй,0,Проекторгүй
ffb860c0b63694f2817762f6c34dd378,Хичээлийн байр 2,444,Шинжлэх ухааны сургууль,Багш нарын өрөө,38.00,Хуваарь тавих боломжгүй,3,Проекторгүй
961b74d5882ca2f252a0a17a540a6f9b,Хичээлийн байр 2,445,Шинжлэх ухааны сургууль,Албан ажлын өрөө,18.00,Хуваарь тавих боломжгүй,2,Проекторгүй
a94d8debac037e602a734c11c07feec2,Хичээлийн байр 2,446,Шинжлэх ухааны сургууль,Анги,27.00,Харъяа сургуульд,24,Проектортой
1a719b6ccade8b56a88f640a04f61861,Хичээлийн байр 2,447,Шинжлэх ухааны сургууль,Анги,27.00,Харъяа сургуульд,35,Проекторгүй
56a9d0b666497c0c6df6976ed6545760,Хичээлийн байр 2,448,Шинжлэх ухааны сургууль,Анги,37.00,Харъяа сургуульд,36,Проектортой
d4a2eb47684edee5375625aa27fd908f,Хичээлийн байр 2,449,Шинжлэх ухааны сургууль,Багш нарын өрөө,39.00,Хуваарь тавих боломжгүй,9,Проекторгүй
ef45e57cc6f0605e367cdb4665d0da65,Хичээлийн байр 2,450,Шинжлэх ухааны сургууль,Багш нарын өрөө,29.00,Хуваарь тавих боломжгүй,3,Проекторгүй
dc07da5f7960ad42cdae7b50efbddbab,Хичээлийн байр 2,461 а,Шинжлэх ухааны сургууль,Багш нарын өрөө,28.00,Хуваарь тавих боломжгүй,3,Проекторгүй
8bbe19f77a900980417c8ed894b315e2,Хичээлийн байр 2,466 а,Шинжлэх ухааны сургууль,Албан ажлын өрөө,32.00,Хуваарь тавих боломжгүй,2,Проекторгүй
b872d89ee27a178e8ad657d4bb379969,Хичээлийн байр 2,472,Шинжлэх ухааны сургууль,Албан ажлын өрөө,18.00,Хуваарь тавих боломжгүй,4,Проекторгүй
5d231cf7019b6c4295373d240131a841,Хичээлийн байр 2,501,Шинжлэх ухааны сургууль,Албан ажлын өрөө,66.00,Хуваарь тавих боломжгүй,4,Проекторгүй
e0bbf75c2bc13f6cd37fb16c0d48a037,Хичээлийн байр 2,502,Шинжлэх ухааны сургууль,Лаборатори,42.00,Харъяа сургуульд,8,Проекторгүй
a0e4cd1e8a410fc87471e5618df42e31,Хичээлийн байр 2,503,Шинжлэх ухааны сургууль,Анги,33.00,МУИС-н хэмжээнд,24,Проектортой
d63c53056ed7280313cd038e12ef00cb,Хичээлийн байр 2,504,Шинжлэх ухааны сургууль,Анги,32.00,Харъяа сургуульд,12,Проекторгүй
c29ec8881739bac03fcfa716d2a3e8af,Хичээлийн байр 5,501,Шинжлэх ухааны сургууль,Лаборатори,56.00,Харъяа сургуульд,27,Проектортой
c90a861c2f82226f801032cc36173a0b,Хичээлийн байр 5,502,Шинжлэх ухааны сургууль,Багш нарын өрөө,44.00,Хуваарь тавих боломжгүй,8,Проекторгүй
df9717d5e67669e759abd0f01f0dfc05,Хичээлийн байр 5,503,Шинжлэх ухааны сургууль,Албан ажлын өрөө,44.00,Хуваарь тавих боломжгүй,5,Проекторгүй
a58da5b75139fa8477bc7f8bfded61c4,Хичээлийн байр 5,504,Шинжлэх ухааны сургууль,Анги,44.00,Харъяа сургуульд,27,Проектортой
d204d299f5f496ff11a570915367d947,Хичээлийн байр 5,506,Шинжлэх ухааны сургууль,Багш нарын өрөө,12.00,Хуваарь тавих боломжгүй,1,Проекторгүй
47b694d4c598640cd189219e16ecf69f,Хичээлийн байр 5,507,Шинжлэх ухааны сургууль,Анги,47.00,Харъяа сургуульд,32,Проектортой
ecfaa0a10563ea2c200fad8a97cf1a68,Хичээлийн байр 5,508,Шинжлэх ухааны сургууль,Багш нарын өрөө,13.00,Хуваарь тавих боломжгүй,2,Проекторгүй
78610059ca78eee69ca2ab05494c66d2,Хичээлийн байр 5,509,Шинжлэх ухааны сургууль,Багш нарын өрөө,14.00,Хуваарь тавих боломжгүй,2,Проекторгүй
ceb578b5f1fd4173d9ba21d78c928fa1,Хичээлийн байр 5,510,Шинжлэх ухааны сургууль,Багш нарын өрөө,27.00,Хуваарь тавих боломжгүй,4,Проекторгүй
a17806aaa7f9eceb9214887b13048325,Хичээлийн байр 5,601,Шинжлэх ухааны сургууль,Анги,55.00,МУИС-н хэмжээнд,34,Проектортой
b2f7e5c2fa3598cc71e113e541169573,Хичээлийн байр 5,602,Шинжлэх ухааны сургууль,Багш нарын өрөө,44.00,Хуваарь тавих боломжгүй,7,Проекторгүй
ebfc85c9f26738abd9e62a56ca4bd272,Хичээлийн байр 5,603,Шинжлэх ухааны сургууль,Багш нарын өрөө,44.00,Хуваарь тавих боломжгүй,7,Проекторгүй
e20d18033b0e501f406729ba843aae7e,Хичээлийн байр 5,604,Шинжлэх ухааны сургууль,Лаборатори,44.00,Харъяа сургуульд,32,Проектортой
a4a4ed8c043e472f78e477773b113f76,Хичээлийн байр 5,608,Шинжлэх ухааны сургууль,Багш нарын өрөө,28.00,Хуваарь тавих боломжгүй,4,Проекторгүй
812bb4099ccde46a1d080cefa20eb5b4,Хичээлийн байр 5,609,Шинжлэх ухааны сургууль,Багш нарын өрөө,28.00,Хуваарь тавих боломжгүй,4,Проекторгүй
fef2de396f82e9de756d91cca282ab5a,Хичээлийн төв байр,100,Шинжлэх ухааны сургууль,Албан ажлын өрөө,15.00,Хуваарь тавих боломжгүй,2,Проекторгүй
4f2d649bf7342d79016a0e53adb2f273,Хичээлийн төв байр,101,Шинжлэх ухааны сургууль,Албан ажлын өрөө,26.00,Хуваарь тавих боломжгүй,2,Проекторгүй
46a1925cb49e470b981f67b87798c15e,Хичээлийн төв байр,102,Шинжлэх ухааны сургууль,Агуулах,0.00,Хуваарь тавих боломжгүй,0,Проекторгүй
4afd4c40eb775f0ae4a9e85d055068cc,Хичээлийн төв байр,"103,",Шинжлэх ухааны сургууль,Лаборатори,24.00,Харъяа сургуульд,10,Проекторгүй
ad89eb1dac35d0ae3612993244dd46b2,Хичээлийн төв байр,103а,Шинжлэх ухааны сургууль,Албан ажлын өрөө,31.00,Хуваарь тавих боломжгүй,4,Проекторгүй
5709f70ad99167528a01544893b86392,Хичээлийн төв байр,104,Шинжлэх ухааны сургууль,Багш нарын өрөө,15.00,Хуваарь тавих боломжгүй,3,Проекторгүй
7610a5ab1f0b9b113e13b1498cd0a8a1,Хичээлийн төв байр,105,Шинжлэх ухааны сургууль,Лаборатори,54.00,Харъяа сургуульд,16,Проекторгүй
ea715f4ca74692367b4588e5caf30176,Хичээлийн төв байр,106а,Шинжлэх ухааны сургууль,Лаборатори,27.00,МУИС-н хэмжээнд,26,Проектортой
0e4baa8e9b169666fcfd6420040250b2,Хичээлийн төв байр,106б,Шинжлэх ухааны сургууль,Албан ажлын өрөө,54.00,Хуваарь тавих боломжгүй,24,Проекторгүй
7ba303702a45807b4a3188a58f32e4ff,Хичээлийн төв байр,107,Шинжлэх ухааны сургууль,Багш нарын өрөө,19.00,Хуваарь тавих боломжгүй,3,Проекторгүй
461cad8e07cb6d8d2aed29ee6dbdf5f8,Хичээлийн төв байр,108,Шинжлэх ухааны сургууль,Анги,47.00,Харъяа сургуульд,10,Проектортой
1a27a1e09e740445f1d6ba48def174cf,Хичээлийн төв байр,109,Шинжлэх ухааны сургууль,Албан ажлын өрөө,14.00,Хуваарь тавих боломжгүй,3,Проекторгүй
9894da6ac892f1a50fe96870dc04433d,Хичээлийн төв байр,110,Шинжлэх ухааны сургууль,Лаборатори,30.00,Харъяа сургуульд,5,Проекторгүй
e3cafc8269f0b0fca7f00729b0c19ea1,Хичээлийн төв байр,111,Шинжлэх ухааны сургууль,Лаборатори,52.00,Харъяа сургуульд,2,Проекторгүй
af69d4a273fc352c6348e172eca11faf,Хичээлийн төв байр,112,Шинжлэх ухааны сургууль,Лаборатори,64.00,Харъяа сургуульд,3,Проекторгүй
8a73b0fd58d9e004b4618c6d02d834da,Хичээлийн төв байр,113,Шинжлэх ухааны сургууль,Лаборатори,50.00,МУИС-н хэмжээнд,16,Проекторгүй
384cf2a578fb947ee2fa7940732a1d13,Хичээлийн төв байр,115,Шинжлэх ухааны сургууль,Албан ажлын өрөө,30.00,Хуваарь тавих боломжгүй,4,Проекторгүй
f8504e9ed4fdecdb1000431813c1df57,Хичээлийн төв байр,116,Шинжлэх ухааны сургууль,Лаборатори,16.00,Харъяа сургуульд,1,Проекторгүй
d2057d514440e03d06d5ecc068d50aaf,Хичээлийн төв байр,116б,Шинжлэх ухааны сургууль,Агуулах,29.00,Хуваарь тавих боломжгүй,0,Проекторгүй
1f8798cbb1fd6e35bb53c1f5b59ec47a,Хичээлийн төв байр,117,Шинжлэх ухааны сургууль,Багш нарын өрөө,20.00,Хуваарь тавих боломжгүй,3,Проекторгүй
99f1f904a5344d44bee4b49aa278eed5,Хичээлийн төв байр,118,Шинжлэх ухааны сургууль,Хичээлийн танхим,60.00,МУИС-н хэмжээнд,40,Проектортой
e29cc86c06c9dcc47c7e4029dbfe2da7,Хичээлийн төв байр,119,Шинжлэх ухааны сургууль,Багш нарын өрөө,20.00,Хуваарь тавих боломжгүй,4,Проекторгүй
510f836956854228d428ef4eebba797b,Хичээлийн төв байр,120,Шинжлэх ухааны сургууль,Хичээлийн танхим,51.00,МУИС-н хэмжээнд,35,Проектортой
15db1e8a3fefeace2c4d342da63bb4f0,Хичээлийн төв байр,122,Шинжлэх ухааны сургууль,Багш нарын өрөө,51.00,Хуваарь тавих боломжгүй,10,Проектортой
2a21bf8f9b00aa4e3547cac3d0c90753,Хичээлийн төв байр,123,Шинжлэх ухааны сургууль,Агуулах,13.00,Хуваарь тавих боломжгүй,0,Проекторгүй
e5fd21e2f9a5994511dc8676fbfe7e07,Хичээлийн төв байр,124,Шинжлэх ухааны сургууль,Анги,52.00,МУИС-н хэмжээнд,36,Проектортой
9f0a7e5e439345af805e1d665c265adf,Хичээлийн төв байр,126,Шинжлэх ухааны сургууль,Албан ажлын өрөө,13.00,Хуваарь тавих боломжгүй,1,Проекторгүй
bcb2cc0c695b2e8dc5fc6a0d3b927322,Хичээлийн төв байр,127,Шинжлэх ухааны сургууль,Багш нарын өрөө,18.00,Хуваарь тавих боломжгүй,3,Проекторгүй
8e5474b9777d7f5486a9074df8fe9774,Хичээлийн төв байр,128,Шинжлэх ухааны сургууль,Албан ажлын өрөө,13.00,Хуваарь тавих боломжгүй,1,Проекторгүй
8094254264eceadfa768f8a0f1d0c6da,Хичээлийн төв байр,129,Шинжлэх ухааны сургууль,Лаборатори,30.00,Харъяа сургуульд,1,Проекторгүй
a9235f16819f32f64536a8da0bd69874,Хичээлийн төв байр,131,Шинжлэх ухааны сургууль,Багш нарын өрөө,19.00,Хуваарь тавих боломжгүй,2,Проекторгүй
af4917d6e4ae5f8bd2949cf72e2749c4,Хичээлийн төв байр,132,Шинжлэх ухааны сургууль,Лаборатори,51.00,МУИС-н хэмжээнд,46,Проектортой
0f4e9cdad25f41074a2c9179b5dbaea2,Хичээлийн төв байр,133,Шинжлэх ухааны сургууль,Хичээлийн танхим,71.00,МУИС-н хэмжээнд,64,Проектортой
b16e302bbd9a28ef141c4ab727310cfc,Хичээлийн төв байр,220,Шинжлэх ухааны сургууль,Лаборатори,56.00,Харъяа сургуульд,8,Проекторгүй
8b7ac0b51fed18b711864f6342aae949,Хичээлийн төв байр,221,Шинжлэх ухааны сургууль,Лаборатори,16.00,Харъяа сургуульд,1,Проекторгүй
f555244016c88eb692e8346255b93a6c,Хичээлийн төв байр,222,Шинжлэх ухааны сургууль,Албан ажлын өрөө,20.00,Хуваарь тавих боломжгүй,2,Проекторгүй
eeaa24a7f9c01e3e2cc0cf01f1aac645,Хичээлийн төв байр,223,Шинжлэх ухааны сургууль,Лаборатори,52.00,МУИС-н хэмжээнд,18,Проекторгүй
218e4a22241ba25438a8a095ed917b6d,Хичээлийн төв байр,224,Шинжлэх ухааны сургууль,Лаборатори,50.00,Харъяа сургуульд,16,Проектортой
c6718bdf73ca7e910883b65a3f18d526,Хичээлийн төв байр,225,Шинжлэх ухааны сургууль,Лаборатори,51.00,Харъяа сургуульд,16,Проекторгүй
f86f983de9561591a63e80870109dfc1,Хичээлийн төв байр,226,Шинжлэх ухааны сургууль,Лаборатори,50.00,Харъяа сургуульд,20,Проекторгүй
ee9df11ea7c6b9e7b474527e3fa0759c,Хичээлийн төв байр,227,Шинжлэх ухааны сургууль,Албан ажлын өрөө,18.00,Хуваарь тавих боломжгүй,4,Проекторгүй
67f4e4144cba98b5a8f99965ec84a9f3,Хичээлийн төв байр,228,Шинжлэх ухааны сургууль,Албан ажлын өрөө,16.00,Хуваарь тавих боломжгүй,4,Проекторгүй
c7522c3835b31c479d68e1b84eaabdff,Хичээлийн төв байр,229,Шинжлэх ухааны сургууль,Лаборатори,34.00,Харъяа сургуульд,12,Проекторгүй
f96ef8bc01718b3b32d6bcb0e9a9bebc,Хичээлийн төв байр,230,Шинжлэх ухааны сургууль,Лаборатори,50.00,МУИС-н хэмжээнд,16,Проекторгүй
95b5e394a4a6dda7754151a8972e0c55,Хичээлийн төв байр,231,Шинжлэх ухааны сургууль,Албан ажлын өрөө,18.00,Хуваарь тавих боломжгүй,3,Проекторгүй
c509614b0aeeacd1076608ad0101d9c0,Хичээлийн төв байр,232а,Шинжлэх ухааны сургууль,Анги,34.00,МУИС-н хэмжээнд,16,Проекторгүй
c91c20f24ae3e09b0b785f4d5b22c3ab,Хичээлийн төв байр,232б,Шинжлэх ухааны сургууль,Лаборатори,17.00,Харъяа сургуульд,8,Проекторгүй
9ef51c2ac612f43758402d75f7d80541,Хичээлийн төв байр,233,Шинжлэх ухааны сургууль,Албан ажлын өрөө,17.00,Хуваарь тавих боломжгүй,1,Проекторгүй
dca0f25b9d1f4aa3e8e1b2c6c58737b7,Хичээлийн төв байр,234,Шинжлэх ухааны сургууль,Лаборатори,16.00,МУИС-н хэмжээнд,4,Проекторгүй
587ab4cb287f43b93939d982dc5b3044,Хичээлийн төв байр,235,Шинжлэх ухааны сургууль,Албан ажлын өрөө,17.00,Хуваарь тавих боломжгүй,4,Проекторгүй
28e66dd4daa4dff77127965150171a2b,Хичээлийн төв байр,236,Шинжлэх ухааны сургууль,Албан ажлын өрөө,17.00,Хуваарь тавих боломжгүй,1,Проекторгүй
d5499fe8bf818dff6a6ccb3e8b1469c8,Хичээлийн төв байр,300а,Шинжлэх ухааны сургууль,Багш нарын өрөө,31.00,Хуваарь тавих боломжгүй,4,Проекторгүй
ebf3292b76e69013db243400d0d66f26,Хичээлийн төв байр,300б,Шинжлэх ухааны сургууль,Анги,40.00,Харъяа сургуульд,31,Проектортой
11d80862e7b24be1777a7a5d3317e9a7,Хичээлийн төв байр,300в,Шинжлэх ухааны сургууль,Лаборатори,32.00,Харъяа сургуульд,15,Проекторгүй
e091bd8a113db1752f59bbcaeac9d65a,Хичээлийн төв байр,301,Шинжлэх ухааны сургууль,Лекцийн заал,119.00,МУИС-н хэмжээнд,140,Проектортой
93260a5bbc14d971dc3b2473b2c8198a,Хичээлийн төв байр,302,Шинжлэх ухааны сургууль,Лаборатори,36.00,МУИС-н хэмжээнд,16,Проекторгүй
f23b6bb3d4fa4149e63dc0278017d0fe,Хичээлийн төв байр,304,Шинжлэх ухааны сургууль,Багш нарын өрөө,24.00,Хуваарь тавих боломжгүй,4,Проекторгүй
ec58b4fa76779d840f900530f3f99096,Хичээлийн төв байр,305,Шинжлэх ухааны сургууль,Албан ажлын өрөө,29.00,Хуваарь тавих боломжгүй,0,Проекторгүй
9f5cf1acd35a5f4450b58e4b579a7ab1,Хичээлийн төв байр,307,Шинжлэх ухааны сургууль,Лаборатори,30.00,Харъяа сургуульд,6,Проекторгүй
0d21d7cc27ddf114c130d999863f8162,Хичээлийн төв байр,308,Шинжлэх ухааны сургууль,Лаборатори,51.00,Харъяа сургуульд,12,Проекторгүй
8d0c7b35a34dd75031346657c8ac7ec9,Хичээлийн төв байр,309,Шинжлэх ухааны сургууль,Багш нарын өрөө,16.00,Хуваарь тавих боломжгүй,2,Проекторгүй
f0183c246bf9727186810104918a7eed,Хичээлийн төв байр,310,Шинжлэх ухааны сургууль,Албан ажлын өрөө,34.00,Хуваарь тавих боломжгүй,4,Проекторгүй
b5c7fe5188df0addcb2fdbc43896529f,Хичээлийн төв байр,311,Шинжлэх ухааны сургууль,Албан ажлын өрөө,18.00,Хуваарь тавих боломжгүй,1,Проекторгүй
25416601a259fbbdc7266e3b89327153,Хичээлийн төв байр,312,Шинжлэх ухааны сургууль,Багш нарын өрөө,18.00,Хуваарь тавих боломжгүй,4,Проекторгүй
79f937c5a5e6991b4fb37fcfc7b67c9e,Хичээлийн төв байр,313,Шинжлэх ухааны сургууль,Лаборатори,52.00,МУИС-н хэмжээнд,16,Проекторгүй
709efe199ef97e06bd3e830346db2ffb,Хичээлийн төв байр,314,Шинжлэх ухааны сургууль,Анги,32.00,МУИС-н хэмжээнд,26,Проекторгүй
e5b607b49e9932609797e81adb5ac992,Хичээлийн төв байр,315,Шинжлэх ухааны сургууль,Лаборатори,51.00,МУИС-н хэмжээнд,15,Проекторгүй
5b0d982dfbd42bd161db4abc81c333f8,Хичээлийн төв байр,316,Шинжлэх ухааны сургууль,Лаборатори,58.00,МУИС-н хэмжээнд,20,Проекторгүй
61a147c48074a7ea24c75f8ce13c0a45,Хичээлийн төв байр,317,Шинжлэх ухааны сургууль,Лаборатори,23.00,Харъяа сургуульд,3,Проекторгүй
270d4f2ec0fb7167dc54b316c512da67,Хичээлийн төв байр,318а,Шинжлэх ухааны сургууль,Лаборатори,55.00,Харъяа сургуульд,18,Проекторгүй
109f87934eb5047d8654b0d4167a1bbb,Хичээлийн төв байр,318б,Шинжлэх ухааны сургууль,Багш нарын өрөө,23.00,Хуваарь тавих боломжгүй,4,Проекторгүй
24d5f8baa2b68cd5ee1eab0bc61dd3f4,Хичээлийн төв байр,319,Шинжлэх ухааны сургууль,Лаборатори,22.00,Харъяа сургуульд,15,Проекторгүй
85cbd6294961621f4ae9f6d534292b00,Хичээлийн төв байр,320,Шинжлэх ухааны сургууль,Албан ажлын өрөө,145.00,Хуваарь тавих боломжгүй,50,Проектортой
21088aee1575c53f302e227b14b64d0f,Хичээлийн төв байр,321,Шинжлэх ухааны сургууль,Лаборатори,29.00,Харъяа сургуульд,4,Проекторгүй
1c950f7622f694876c1a66f5ec492682,Хичээлийн төв байр,323,Шинжлэх ухааны сургууль,Лаборатори,46.00,Харъяа сургуульд,12,Проекторгүй
0fc64e31bed56ce8347cee25343ee340,Хичээлийн төв байр,324,Шинжлэх ухааны сургууль,Лаборатори,48.00,МУИС-н хэмжээнд,15,Проекторгүй
35e644a979748360f03da568335ac12a,Хичээлийн төв байр,325,Шинжлэх ухааны сургууль,Багш нарын өрөө,23.00,Хуваарь тавих боломжгүй,4,Проекторгүй
ce4cf5fb9fdea0ad59c6b67a0c0a8d0e,Хичээлийн төв байр,326,Шинжлэх ухааны сургууль,Лаборатори,23.00,Харъяа сургуульд,2,Проекторгүй
afc437568a89494ec874f512418859e4,Хичээлийн төв байр,327,Шинжлэх ухааны сургууль,Багш нарын өрөө,23.00,Хуваарь тавих боломжгүй,3,Проекторгүй
4f6b6544ebc59a81b32799462f0e1ae6,Хичээлийн төв байр,328,Шинжлэх ухааны сургууль,Албан ажлын өрөө,27.00,Хуваарь тавих боломжгүй,3,Проекторгүй
f958c51308def6e713addaeff3bd0c22,Хичээлийн төв байр,329,Шинжлэх ухааны сургууль,Багш нарын өрөө,36.00,Хуваарь тавих боломжгүй,3,Проекторгүй
518cc90b0ac50b2033ac37f4f4c0f3eb,Хичээлийн төв байр,330 а,Шинжлэх ухааны сургууль,Лекцийн заал,156.00,МУИС-н хэмжээнд,140,Проектортой
d4eaed3e77b6828f57edf96fcbffbc3f,Хичээлийн төв байр,330 б,Шинжлэх ухааны сургууль,Лаборатори,45.00,МУИС-н хэмжээнд,20,Проекторгүй
e50189ffd93bf2b9c702365e4163f294,Хичээлийн төв байр,331,Шинжлэх ухааны сургууль,Анги,123.00,МУИС-н хэмжээнд,15,Проекторгүй
e3e933035368511df3129a8eb7897426,Хичээлийн төв байр,400,Шинжлэх ухааны сургууль,Анги,34.00,МУИС-н хэмжээнд,15,Проекторгүй
40654203350c6e7cd44c42657908a98d,Хичээлийн төв байр,401,Шинжлэх ухааны сургууль,Анги,32.00,МУИС-н хэмжээнд,20,Проекторгүй
c6a70a5d812d8128bcc1d490fd30da98,Хичээлийн төв байр,402,Шинжлэх ухааны сургууль,Албан ажлын өрөө,67.00,Хуваарь тавих боломжгүй,4,Проекторгүй
8ebc118af313ac840f9a47bef290948f,Хичээлийн төв байр,501,Шинжлэх ухааны сургууль,Лаборатори,66.00,МУИС-н хэмжээнд,16,Проекторгүй
e9678569abe4d3fc2d292e8fee1f927f,Хичээлийн төв байр,125,"Элсэлт, бүртгэлийн хэлтэс",Албан ажлын өрөө,15.00,Хуваарь тавих боломжгүй,10,Проекторгүй
2622b0a123d76eddde71196804902a3d,Хичээлийн төв байр,130,"Элсэлт, бүртгэлийн хэлтэс",Албан ажлын өрөө,47.00,Хуваарь тавих боломжгүй,5,Проекторгүй
db848be8c18a6786b8f4ac54313dbdcd,Хичээлийн төв байр,200,"Элсэлт, бүртгэлийн хэлтэс",Албан ажлын өрөө,50.00,Хуваарь тавих боломжгүй,3,Проекторгүй
776a8c063f7e939888a97044a5fefb58,Хичээлийн төв байр,201,"Элсэлт, бүртгэлийн хэлтэс",Албан ажлын өрөө,44.00,Хуваарь тавих боломжгүй,2,Проекторгүй
9f3e27a59e293d2ed0532920a047a43b,Хичээлийн төв байр,202,"Элсэлт, бүртгэлийн хэлтэс",Албан ажлын өрөө,54.00,Хуваарь тавих боломжгүй,2,Проекторгүй
085dd5c10a13c9d7c89a9200c25457ae,Хичээлийн төв байр,203,"Элсэлт, бүртгэлийн хэлтэс",Албан ажлын өрөө,50.00,Хуваарь тавих боломжгүй,2,Проекторгүй
6a1f4425cccabf9e3e480f40597de1eb,Хичээлийн төв байр,204,"Элсэлт, бүртгэлийн хэлтэс",Албан ажлын өрөө,50.00,Хуваарь тавих боломжгүй,6,Проекторгүй
070705d0aadc54b58ac6022241a51185,Хичээлийн төв байр,205,"Элсэлт, бүртгэлийн хэлтэс",Албан ажлын өрөө,16.00,Хуваарь тавих боломжгүй,1,Проекторгүй
646c4560a15facb3ab0269c01d3f0056,Хичээлийн төв байр,206,"Элсэлт, бүртгэлийн хэлтэс",Албан ажлын өрөө,14.00,Хуваарь тавих боломжгүй,2,Проекторгүй
41f59e98ab519c41d1934f3b37b9260f,Хичээлийн төв байр,207,"Элсэлт, бүртгэлийн хэлтэс",Албан ажлын өрөө,16.00,Хуваарь тавих боломжгүй,1,Проекторгүй
8e12c7a786e6c04df81be9d428f88a5f,Хичээлийн төв байр,208,"Элсэлт, бүртгэлийн хэлтэс",Албан ажлын өрөө,34.00,Хуваарь тавих боломжгүй,6,Проекторгүй
5141ec2138f1dffa08840c0b054eca85,Хичээлийн төв байр,209,"Элсэлт, бүртгэлийн хэлтэс",Албан ажлын өрөө,50.00,Хуваарь тавих боломжгүй,6,Проекторгүй
2ddafd8d3c75cffab86d498e856dfa3d,Хичээлийн төв байр,210,"Элсэлт, бүртгэлийн хэлтэс",Албан ажлын өрөө,34.00,Хуваарь тавих боломжгүй,6,Проекторгүй
7fab8ac8129de829c705603405f437cf,Хичээлийн төв байр,211,"Элсэлт, бүртгэлийн хэлтэс",Албан ажлын өрөө,17.00,Хуваарь тавих боломжгүй,1,Проекторгүй
4ee0f7c0661f307fda81c1a1b11a06f6,Хичээлийн төв байр,212,"Элсэлт, бүртгэлийн хэлтэс",Албан ажлын өрөө,18.00,Хуваарь тавих боломжгүй,2,Проекторгүй
1b53b4ac8076cfeb196634745a0a766e,Хичээлийн төв байр,213,"Элсэлт, бүртгэлийн хэлтэс",Албан ажлын өрөө,17.00,Хуваарь тавих боломжгүй,1,Проекторгүй
32a2833f7e998f46092b350c58c84bae,Хичээлийн төв байр,214,"Элсэлт, бүртгэлийн хэлтэс",Албан ажлын өрөө,33.00,Хуваарь тавих боломжгүй,5,Проекторгүй
30b719a44d195c6e4a52377103c50f13,Хичээлийн төв байр,215,"Элсэлт, бүртгэлийн хэлтэс",Албан ажлын өрөө,32.00,Хуваарь тавих боломжгүй,4,Проекторгүй
215b86943b50c20f9893f05b106f59d5,Хичээлийн төв байр,216,"Элсэлт, бүртгэлийн хэлтэс",Албан ажлын өрөө,175.00,Хуваарь тавих боломжгүй,100,Проектортой
0d012664f82a4c7bcd2cbae541208cf9,Хичээлийн төв байр,218,"Элсэлт, бүртгэлийн хэлтэс",Албан ажлын өрөө,23.00,Хуваарь тавих боломжгүй,1,Проекторгүй
6eaacbc4b3bb71a8948fa15419073b55,Хичээлийн төв байр,219,"Элсэлт, бүртгэлийн хэлтэс",Албан ажлын өрөө,33.00,Хуваарь тавих боломжгүй,4,Проекторгүй
f416756b9f707eab4094b1795e261bbb,Орхон сургуулийн хичээлийн байр,01,Эрдэнэт сургууль,"Биеийн тамирын өрөө, зал ",32.00,Харъяа сургуульд,300,Проекторгүй
ec428d0be2a9011f2ec7cade36c58ceb,Орхон сургуулийн хичээлийн байр,02,Эрдэнэт сургууль,"Биеийн тамирын өрөө, зал ",32.00,Харъяа сургуульд,300,Проекторгүй
5bd29c98abfbda089abbecf318445a71,Орхон сургуулийн хичээлийн байр,203,Эрдэнэт сургууль,Анги,15.00,Харъяа сургуульд,50,Проекторгүй
156b68dbf037fc4f13e56e99aa3fd70d,Орхон сургуулийн хичээлийн байр,205,Эрдэнэт сургууль,Лекцийн заал,70.00,Харъяа сургуульд,100,Проекторгүй
448da059e6b3f26de966bab92d4b186e,Орхон сургуулийн хичээлийн байр,206,Эрдэнэт сургууль,Лекцийн заал,56.00,Харъяа сургуульд,80,Проекторгүй
564b6151f957d368aefab6d53c42e0b6,Орхон сургуулийн хичээлийн байр,208,Эрдэнэт сургууль,Анги,37.00,Харъяа сургуульд,50,Проекторгүй
649dfcd757caf763e506c706f2fa8d4e,Орхон сургуулийн хичээлийн байр,209,Эрдэнэт сургууль,Анги,70.00,Харъяа сургуульд,150,Проекторгүй
c91b97f6e3853f6ed58054aa9d171f49,Орхон сургуулийн хичээлийн байр,210,Эрдэнэт сургууль,Анги,42.00,Харъяа сургуульд,50,Проекторгүй
440a4b9b4f89bc21e19b70f1dd161f3c,Орхон сургуулийн хичээлийн байр,211,Эрдэнэт сургууль,Анги,17.00,Харъяа сургуульд,50,Проекторгүй
1bac244bf767ea4dc02cc2164d2cfef6,Орхон сургуулийн хичээлийн байр,215,Эрдэнэт сургууль,Анги,15.00,Харъяа сургуульд,50,Проекторгүй
fce2e1fe4e709d764247f25dbaaf734e,Орхон сургуулийн хичээлийн байр,216,Эрдэнэт сургууль,Анги,21.00,Харъяа сургуульд,60,Проекторгүй
abe826c435b20896a34dd232923e3b61,Орхон сургуулийн хичээлийн байр,217,Эрдэнэт сургууль,Анги,56.00,Харъяа сургуульд,80,Проекторгүй
07b795e25d2a6090508b33001ba7af2e,Орхон сургуулийн хичээлийн байр,219,Эрдэнэт сургууль,Анги,18.00,Харъяа сургуульд,50,Проекторгүй
bbcf39b30549f892d47b5d15f62fdfe4,Орхон сургуулийн хичээлийн байр,220,Эрдэнэт сургууль,Лаборатори,60.00,Харъяа сургуульд,60,Проекторгүй
eff07c9b60586a80d06d9decb2babd1f,Орхон сургуулийн хичээлийн байр,221,Эрдэнэт сургууль,Лаборатори,60.00,Харъяа сургуульд,50,Проекторгүй
a815585afe6eebfaf64083cf5216a501,Орхон сургуулийн хичээлийн байр,222,Эрдэнэт сургууль,Анги,35.00,Харъяа сургуульд,60,Проекторгүй
b7ab88b75cce65a18bf1648e699383eb,Орхон сургуулийн хичээлийн байр,223,Эрдэнэт сургууль,Анги,15.00,Харъяа сургуульд,150,Проекторгүй
219253f4a708eb7f565e320220da18ea,Орхон сургуулийн хичээлийн байр,224,Эрдэнэт сургууль,Лаборатори,35.00,Харъяа сургуульд,50,Проекторгүй
cf00d8b8bb4b1b85512583c64c2e005a,Орхон сургуулийн хичээлийн байр,305,Эрдэнэт сургууль,Лекцийн заал,150.00,Харъяа сургуульд,150,Проекторгүй
a0caf3d11002711980db7a497b7008e5,Орхон сургуулийн хичээлийн байр,306,Эрдэнэт сургууль,Лекцийн заал,150.00,Харъяа сургуульд,150,Проекторгүй
933fc2e57fdbfb1a792e6be54ba34688,Орхон сургуулийн хичээлийн байр,309,Эрдэнэт сургууль,Анги,34.00,Харъяа сургуульд,50,Проекторгүй
8b42ea68d4990dd8057444849c26406b,Орхон сургуулийн хичээлийн байр,311,Эрдэнэт сургууль,Анги,32.00,Харъяа сургуульд,50,Проекторгүй
10cd59fd7a8aac87490e6f29c7311f69,Орхон сургуулийн хичээлийн байр,312,Эрдэнэт сургууль,Лекцийн заал,56.00,Харъяа сургуульд,100,Проекторгүй
38aa424e9cc183f6f359ef1b14cf4bb5,Орхон сургуулийн хичээлийн байр,313,Эрдэнэт сургууль,Лекцийн заал,56.00,Харъяа сургуульд,150,Проекторгүй
2306dedbe1e36ed32f353007e73df1b6,Орхон сургуулийн хичээлийн байр,314,Эрдэнэт сургууль,Анги,17.00,Харъяа сургуульд,50,Проекторгүй
83d440dcb9806548d546f42dae7c0714,Орхон сургуулийн хичээлийн байр,315,Эрдэнэт сургууль,Анги,35.00,Харъяа сургуульд,60,Проекторгүй
900db01e480005ff8a58b9316a631fc0,Орхон сургуулийн хичээлийн байр,316,Эрдэнэт сургууль,Анги,35.00,Харъяа сургуульд,50,Проекторгүй
0bb8878db12ab375d94d750cfc1a457d,Орхон сургуулийн хичээлийн байр,317,Эрдэнэт сургууль,Анги,17.00,Харъяа сургуульд,50,Проекторгүй
a268a0a1fe8bdcf11b0fdb7d9a4a631d,Орхон сургуулийн хичээлийн байр,318,Эрдэнэт сургууль,Анги,32.00,Харъяа сургуульд,50,Проекторгүй
e7ef2c0ed557dd9ddc1ce58acc3d6052,Орхон сургуулийн хичээлийн байр,319,Эрдэнэт сургууль,Анги,15.00,Харъяа сургуульд,50,Проекторгүй
7893a24cad7a3b74782ffacbd575412e,Орхон сургуулийн хичээлийн байр,320,Эрдэнэт сургууль,Анги,35.00,Харъяа сургуульд,50,Проекторгүй
